年份,遊客人次(人次)
2000,"11,237,998"
2001,"15,101,631"
2002,"15,118,078"
2003,"14,809,332"
2004,"15,575,518"
2005,"16,611,623"
2006,"18,203,069"
2007,"15,817,833"
2008,"16,528,471"
2009,"18,239,377"
2010,"16,658,391"
2011,"17,304,798"
2012,"19,434,925"
2013,"24,489,884"
2014,"27,648,549"
2015,"28,720,559"
2016,"22,917,868"
2017,"21,905,892"
2018,"19,387,655"
2019,"21,607,114"
2020,"17,716,811"
2021,"13,357,301"
2022,"17,280,092"
2023,"22,761,212"
2024,"20,487,108"
2025,"19,793,697"
