年份,太魯閣,台江,玉山,東沙環礁,金門,雪霸,陽明山,壽山(國家自然公園),澎湖南方四島,墾丁
1999,6,0,16,0,4,0,36,0,0,2
2000,3,0,20,0,4,4,75,0,0,2
2001,0,0,7,0,1,7,35,0,0,1
2002,4,0,8,0,6,7,30,0,0,0
2003,2,0,11,0,0,4,36,0,0,4
2004,3,0,3,0,0,0,17,0,0,7
2005,1,0,2,0,0,0,13,0,0,8
2006,1,0,3,0,1,0,16,0,0,22
2007,1,0,2,0,2,0,21,0,0,15
2008,0,0,1,0,2,1,3,0,0,13
2009,2,0,2,0,2,3,1,0,0,15
2010,1,0,2,0,2,0,14,0,0,11
2011,8,0,6,0,0,0,5,0,0,22
2012,1,23,2,0,8,0,7,0,0,20
2013,0,95,0,0,5,0,5,0,0,26
2014,0,2,0,0,6,0,1,0,0,33
2015,1,41,1,0,12,0,1,0,0,12
2016,0,2,0,0,4,0,4,0,0,31
2017,0,1,1,0,5,0,4,0,1,34
2018,0,9,0,0,0,0,1,1,0,34
2019,0,17,0,18,0,0,0,0,5,39
2020,0,42,0,0,6,0,1,0,0,38
2021,0,46,0,0,2,0,0,1,0,29
2022,0,30,1,0,0,0,3,8,20,21
2023,0,43,0,2,1,0,0,1,11,17
2024,0,83,0,0,0,3,5,0,36,17
2025,0,70,0,0,0,0,3,1,0,17
