採樣分區,測站名稱,水體分類等級,採樣日期,測站編號,採樣深度,氣溫,水溫,鹽度,酸鹼值,溶氧(滴定法),溶氧(電極法),溶氧飽和度,懸浮固體,葉綠素a,氨氮,硝酸鹽氮,正磷酸鹽,亞硝酸鹽氮,矽酸鹽,鎘,鉻,銅,鋅,鉛,汞,備註
,,,,,m,℃,℃,psu,,mg/L,mg/L,%,mg/L,μg/L,mg/L,mg/L,mg/L,mg/L,mg/L,mg/L,mg/L,mg/L,mg/L,mg/L,mg/L
基隆沿海海域,基隆港一,乙,2014/11/5 上午 10:40:00,5123,1.0,23.7,22.2,33.7,8.0,--,6.4,87.3,4.2,--,--,--,--,--,--,0.00002,--,0.0004,0.0033,0.0003,<0.0003
基隆沿海海域,基隆港一,乙,2014/8/18 上午 10:23:00,5123,1.0,30.5,28.3,33.7,8.0,--,6.0,92.7,11.2,--,--,--,--,--,--,0.00001,--,0.0004,0.0041,0.0002,<0.0003
基隆沿海海域,基隆港一,乙,2014/5/19 上午 09:37:00,5123,1.0,28.1,24.5,35.0,8.1,--,6.6,96.3,2.6,--,--,--,--,--,--,<0.00001,--,0.0002,0.0017,0.0001,<0.0003
基隆沿海海域,基隆港一,乙,2014/2/6 上午 11:01:00,5123,1.0,18.6,17.2,34.1,8.0,--,7.1,90.1,10.3,0.3,0.03,0.14,0.059,0.005,0.609,0.00002,<0.001,0.0004,0.0030,<0.0001,<0.0003
基隆沿海海域,基隆港二,乙,2014/11/5 上午 10:29:00,5124,1.0,23.4,21.9,33.5,8.0,--,6.3,85.2,5.6,--,--,--,--,--,--,0.00003,--,0.0004,0.0037,0.0003,<0.0003
基隆沿海海域,基隆港二,乙,2014/8/18 上午 10:09:00,5124,1.0,30.4,28.2,33.7,7.9,--,5.9,92.6,6.4,--,--,--,--,--,--,0.00002,--,0.0003,0.0046,0.0003,<0.0003
基隆沿海海域,基隆港二,乙,2014/5/19 上午 09:26:00,5124,1.0,28.1,24.1,35.0,8.1,--,6.6,94.7,4.2,--,--,--,--,--,--,0.00002,--,0.0003,0.0044,<0.0001,<0.0003
基隆沿海海域,基隆港二,乙,2014/2/6 上午 10:43:00,5124,1.0,18.5,17.0,34.0,8.0,--,7.4,93.6,4.4,0.3,<0.01,0.14,0.050,0.006,0.606,0.00002,<0.001,0.0004,0.0025,<0.0001,<0.0003
基隆沿海海域,基隆拋泥區一,乙,2014/11/5 上午 10:20:00,5125,1.0,23.1,22.1,33.5,7.8,--,6.4,86.9,3.1,--,--,--,--,--,--,0.00002,--,0.0004,0.0037,0.0004,<0.0003
基隆沿海海域,基隆拋泥區一,乙,2014/8/18 上午 09:55:00,5125,1.0,30.5,28.0,33.1,8.0,--,5.9,91.9,6.4,--,--,--,--,--,--,0.00001,--,0.0003,0.0055,0.0008,<0.0003
基隆沿海海域,基隆拋泥區一,乙,2014/5/19 上午 09:14:00,5125,1.0,28.0,24.3,35.0,8.1,--,6.7,97.7,6.4,--,--,--,--,--,--,0.00001,--,0.0003,0.0033,0.0001,<0.0003
基隆沿海海域,基隆拋泥區一,乙,2014/2/6 上午 10:30:00,5125,1.0,18.5,17.0,33.8,8.1,--,7.3,92.2,4.3,0.5,0.01,0.14,0.059,0.006,0.599,0.00002,<0.001,0.0005,0.0029,<0.0001,<0.0003
基隆沿海海域,八斗子垃圾場,乙,2014/11/5 上午 09:41:00,5126,1.0,22.3,21.4,33.8,7.9,--,7.2,97.2,3.5,--,--,--,--,--,--,0.00002,--,0.0002,0.0032,<0.0001,<0.0003
基隆沿海海域,八斗子垃圾場,乙,2014/8/18 上午 09:10:00,5126,1.0,30.4,28.2,33.5,7.9,--,6.0,92.1,5.7,--,--,--,--,--,--,0.00002,--,0.0005,0.0033,0.0002,<0.0003
基隆沿海海域,八斗子垃圾場,乙,2014/5/19 上午 08:36:00,5126,1.0,25.9,23.4,35.0,8.1,--,6.5,92.6,3.6,--,--,--,--,--,--,0.00001,--,0.0003,0.0050,<0.0001,<0.0003
基隆沿海海域,八斗子垃圾場,乙,2014/2/6 上午 09:35:00,5126,1.0,18.4,17.0,33.8,8.0,--,7.1,90.3,8.2,0.2,0.01,0.14,0.059,0.005,0.666,0.00002,<0.001,0.0002,0.0023,<0.0001,<0.0003
基隆沿海海域,和平島,乙,2014/11/5 上午 10:03:00,5127,1.0,22.8,21.6,33.8,7.9,--,5.8,80.2,5.5,--,--,--,--,--,--,0.00002,--,0.0008,0.0028,0.0001,<0.0003
基隆沿海海域,和平島,乙,2014/8/18 上午 09:39:00,5127,1.0,30.5,28.3,33.6,8.0,--,6.0,93.4,4.8,--,--,--,--,--,--,0.00002,--,0.0003,0.0034,0.0001,<0.0003
基隆沿海海域,和平島,乙,2014/5/19 上午 08:59:00,5127,1.0,27.9,23.9,35.1,8.1,--,6.5,93.1,3.1,--,--,--,--,--,--,0.00001,--,0.0004,0.0023,<0.0001,<0.0003
基隆沿海海域,和平島,乙,2014/2/6 上午 10:13:00,5127,1.0,18.5,17.1,33.9,8.0,--,7.4,93.8,7.3,0.5,0.01,0.13,0.060,0.006,0.596,0.00002,<0.001,0.0003,0.0024,0.0002,<0.0003
台北沿海海域(甲),核四預定地外海,甲,2014/11/5 上午 07:35:00,5128,1.0,22.1,22.4,33.9,8.1,--,6.4,89.7,5.0,--,--,--,--,--,--,0.00002,--,0.0004,0.0038,0.0001,<0.0003
台北沿海海域(甲),核四預定地外海,甲,2014/8/18 上午 06:48:00,5128,1.0,30.8,27.6,34.2,8.1,--,6.0,92.1,3.8,--,--,--,--,--,--,0.00002,--,0.0003,0.0053,0.0007,<0.0003
台北沿海海域(甲),核四預定地外海,甲,2014/5/19 上午 06:50:00,5128,1.0,25.3,22.9,35.1,8.1,--,6.4,91.4,2.7,--,--,--,--,--,--,0.00001,--,0.0003,0.0027,<0.0001,<0.0003
台北沿海海域(甲),核四預定地外海,甲,2014/2/6 上午 07:11:00,5128,1.0,19.0,17.3,31.8,8.0,--,7.8,97.3,4.4,0.4,0.01,0.17,0.047,0.005,0.869,0.00002,<0.001,0.0004,0.0023,0.0001,<0.0003
台北沿海海域(乙),濂洞溪外海,乙,2014/11/5 上午 08:46:00,5129,1.0,21.9,22.0,33.6,8.0,--,6.5,88.4,3.8,--,--,--,--,--,--,0.00002,--,0.0029,0.0046,<0.0001,<0.0003
台北沿海海域(乙),濂洞溪外海,乙,2014/8/18 上午 07:56:00,5129,1.0,30.4,27.9,34.0,8.0,--,6.1,93.5,22.6,--,--,--,--,--,--,0.00003,--,0.0055,0.0050,0.0001,<0.0003
台北沿海海域(乙),濂洞溪外海,乙,2014/5/19 上午 07:49:00,5129,1.0,25.9,24.2,35.0,8.1,--,6.7,96.4,2.7,--,--,--,--,--,--,0.00001,--,0.0006,0.0038,0.0002,<0.0003
台北沿海海域(乙),濂洞溪外海,乙,2014/2/6 上午 08:19:00,5129,1.0,18.4,17.1,33.4,8.0,--,7.7,96.9,7.0,0.3,0.01,0.15,0.037,0.004,0.986,0.00002,<0.001,0.0004,0.0031,<0.0001,<0.0003
台北沿海海域(乙),八里污水廠外海一,乙,2014/11/5 下午 02:33:00,5130,1.0,25.7,24.2,31.4,8.1,--,6.3,89.2,19.2,--,--,--,--,--,--,0.00002,--,0.0006,0.0047,<0.0001,<0.0003
台北沿海海域(乙),八里污水廠外海一,乙,2014/8/18 下午 01:29:00,5130,1.0,35.7,31.0,22.6,7.8,--,6.6,89.5,15.9,--,--,--,--,--,--,<0.00001,--,0.0007,0.0028,<0.0001,<0.0003
台北沿海海域(乙),八里污水廠外海一,乙,2014/5/19 下午 12:19:00,5130,1.0,25.2,25.7,33.6,8.1,--,6.1,90.2,4.8,--,--,--,--,--,--,0.00001,--,0.0007,0.0049,<0.0001,<0.0003
台北沿海海域(乙),八里污水廠外海一,乙,2014/2/6 下午 01:29:00,5130,1.0,19.1,18.6,31.2,8.0,--,7.5,96.8,14.7,1.0,0.49,0.22,0.109,0.035,1.43,0.00002,<0.001,0.0011,0.0025,<0.0001,<0.0003
台北沿海海域(乙),八里污水廠外海二,乙,2014/11/5 下午 01:42:00,5131,1.0,25.2,24.2,32.3,8.1,--,6.3,88.6,11.0,--,--,--,--,--,--,0.00002,--,0.0007,0.0037,0.0002,<0.0003
台北沿海海域(乙),八里污水廠外海二,乙,2014/8/18 下午 12:35:00,5131,1.0,36.0,30.0,33.2,8.0,--,5.8,91.3,9.8,--,--,--,--,--,--,<0.00001,--,0.0005,0.0031,0.0002,<0.0003
台北沿海海域(乙),八里污水廠外海二,乙,2014/5/19 上午 11:27:00,5131,1.0,25.6,25.5,33.9,8.1,--,6.1,90.1,4.3,--,--,--,--,--,--,0.00002,--,0.0007,0.0081,0.0001,<0.0003
台北沿海海域(乙),八里污水廠外海二,乙,2014/2/6 下午 12:28:00,5131,1.0,19.0,18.1,33.6,8.0,--,7.4,96.4,5.4,0.3,0.04,0.14,0.064,0.015,0.525,0.00002,<0.001,0.0007,0.0026,<0.0001,<0.0003
台北沿海海域(乙),林口發電廠外海,乙,2014/11/6 上午 06:49:00,5132,1.0,22.4,23.5,32.2,8.0,--,6.4,89.7,9.2,--,--,--,--,--,--,0.00002,--,0.0005,0.0036,<0.0001,<0.0003
台北沿海海域(乙),林口發電廠外海,乙,2014/8/19 上午 07:40:00,5132,1.0,30.4,29.9,33.3,8.1,--,5.6,87.9,7.2,--,--,--,--,--,--,<0.00001,--,0.0005,0.0032,0.0001,<0.0003
台北沿海海域(乙),林口發電廠外海,乙,2014/5/20 上午 06:50:00,5132,1.0,24.0,25.7,33.4,8.2,--,6.4,94.7,6.0,--,--,--,--,--,--,<0.00001,--,0.0004,0.0028,<0.0001,<0.0003
台北沿海海域(乙),林口發電廠外海,乙,2014/2/7 上午 07:21:00,5132,1.0,16.9,18.3,33.7,8.1,--,7.2,94.3,7.2,0.6,0.14,0.15,0.061,0.024,0.630,0.00001,<0.001,0.0003,0.0015,<0.0001,<0.0003
台北沿海海域(乙),深澳發電廠外海,乙,2014/11/5 上午 09:10:00,5133,1.0,22.0,22.0,33.9,8.1,--,6.3,87.4,4.2,--,--,--,--,--,--,0.00002,--,0.0004,0.0041,0.0001,<0.0003
台北沿海海域(乙),深澳發電廠外海,乙,2014/8/18 上午 08:31:00,5133,1.0,31.9,28.2,33.7,8.0,--,6.1,95.6,5.7,--,--,--,--,--,--,0.00003,--,0.0005,0.0038,0.0002,<0.0003
台北沿海海域(乙),深澳發電廠外海,乙,2014/5/19 上午 08:14:00,5133,1.0,26.0,24.2,35.1,8.1,--,6.6,95.1,3.2,--,--,--,--,--,--,0.00001,--,0.0003,0.0033,0.0001,<0.0003
台北沿海海域(乙),深澳發電廠外海,乙,2014/2/6 上午 08:48:00,5133,1.0,18.6,17.0,33.5,8.0,--,7.3,91.9,4.7,0.4,0.08,0.15,0.062,0.005,0.609,0.00002,<0.001,0.0003,0.0027,0.0001,<0.0003
台北沿海海域(乙),淡水河口外4海浬處,乙,2014/11/5 下午 02:07:00,5134,1.0,25.3,24.4,32.2,8.1,--,6.2,88.6,7.6,--,--,--,--,--,--,0.00002,--,0.0004,0.0029,0.0001,<0.0003
台北沿海海域(乙),淡水河口外4海浬處,乙,2014/8/18 下午 12:54:00,5134,1.0,35.3,30.7,33.1,8.0,--,7.3,116.9,12.5,--,--,--,--,--,--,<0.00001,--,0.0005,0.0036,0.0001,<0.0003
台北沿海海域(乙),淡水河口外4海浬處,乙,2014/5/19 上午 11:50:00,5134,1.0,25.4,25.5,34.4,8.1,--,6.3,92.7,7.2,--,--,--,--,--,--,<0.00001,--,0.0003,0.0028,<0.0001,<0.0003
台北沿海海域(乙),淡水河口外4海浬處,乙,2014/2/6 下午 12:50:00,5134,1.0,19.1,18.5,33.5,8.0,--,7.4,95.7,6.8,0.9,0.08,0.11,0.054,0.014,0.475,0.00002,<0.001,0.0006,0.0034,<0.0001,<0.0003
台北沿海海域(乙),林口發電廠,乙,2014/11/6 上午 06:33:00,5135,1.0,22.4,23.6,32.1,7.8,--,6.1,85.4,10.5,--,--,--,--,--,--,0.00002,--,0.0006,0.0030,<0.0001,<0.0003
台北沿海海域(乙),林口發電廠,乙,2014/8/19 上午 07:16:00,5135,1.0,27.9,29.9,33.4,8.1,--,5.6,88.5,7.5,--,--,--,--,--,--,0.00001,--,0.0006,0.0098,0.0001,<0.0003
台北沿海海域(乙),林口發電廠,乙,2014/5/20 上午 06:32:00,5135,1.0,24.1,25.7,33.5,8.2,--,6.4,94.0,9.2,--,--,--,--,--,--,0.00002,--,0.0006,0.0041,<0.0001,<0.0003
台北沿海海域(乙),林口發電廠,乙,2014/2/7 上午 07:05:00,5135,1.0,16.9,18.3,33.8,8.1,--,7.2,94.0,7.2,0.8,0.11,0.13,0.052,0.021,0.562,0.00002,<0.001,0.0016,0.0030,<0.0001,<0.0003
台北沿海海域(乙),深澳發電廠,乙,2014/11/5 上午 09:20:00,5136,1.0,23.0,22.7,32.9,8.1,--,7.0,97.6,6.4,--,--,--,--,--,--,0.00002,--,0.0003,0.0029,<0.0001,<0.0003
台北沿海海域(乙),深澳發電廠,乙,2014/8/18 上午 08:46:00,5136,1.0,30.9,28.2,33.5,8.1,--,6.1,93.2,5.2,--,--,--,--,--,--,0.00003,--,0.0003,0.0048,0.0001,<0.0003
台北沿海海域(乙),深澳發電廠,乙,2014/5/19 上午 08:24:00,5136,1.0,26.0,23.4,33.9,8.1,--,6.3,88.8,3.8,--,--,--,--,--,--,0.00002,--,0.0004,0.0035,<0.0001,<0.0003
台北沿海海域(乙),深澳發電廠,乙,2014/2/6 上午 09:10:00,5136,1.0,18.8,17.0,33.8,8.0,--,7.6,95.5,4.4,0.3,0.02,0.14,0.053,0.005,0.599,0.00001,<0.001,0.0002,0.0018,<0.0001,<0.0003
桃園沿海海域,海湖電廠,乙,2014/11/6 上午 07:14:00,5137,1.0,22.7,23.7,32.1,8.0,--,6.4,91.1,9.4,--,--,--,--,--,--,0.00002,--,0.0005,0.0046,<0.0001,<0.0003
桃園沿海海域,海湖電廠,乙,2014/8/19 上午 08:07:00,5137,1.0,31.0,30.1,32.6,8.1,--,5.2,82.0,36.6,--,--,--,--,--,--,0.00002,--,0.0009,0.0032,<0.0001,<0.0003
桃園沿海海域,海湖電廠,乙,2014/5/20 上午 07:14:00,5137,1.0,23.7,25.7,32.8,8.1,--,6.1,89.1,35.0,--,--,--,--,--,--,0.00003,--,0.0010,0.0041,<0.0001,<0.0003
桃園沿海海域,海湖電廠,乙,2014/2/7 上午 07:45:00,5137,1.0,16.7,18.3,33.3,8.0,--,7.2,93.6,27.0,0.8,0.22,0.22,0.101,0.031,0.794,0.00001,<0.001,0.0005,0.0021,<0.0001,<0.0003
桃園沿海海域,新南崁溪口,乙,2014/11/6 上午 07:40:00,5138,1.0,22.9,23.9,32.1,8.0,--,6.4,90.8,20.3,--,--,--,--,--,--,0.00002,--,0.0006,0.0036,<0.0001,<0.0003
桃園沿海海域,新南崁溪口,乙,2014/8/19 上午 08:25:00,5138,1.0,31.2,30.0,30.0,8.0,--,5.1,80.0,27.5,--,--,--,--,--,--,0.00002,--,0.0016,0.0043,<0.0001,<0.0003
桃園沿海海域,新南崁溪口,乙,2014/5/20 上午 07:33:00,5138,1.0,23.6,25.7,32.1,8.1,--,6.1,87.6,22.5,--,--,--,--,--,--,0.00002,--,0.0015,0.0043,<0.0001,<0.0003
桃園沿海海域,新南崁溪口,乙,2014/2/7 上午 08:07:00,5138,1.0,16.7,18.2,32.5,8.0,--,7.2,91.9,27.6,0.9,0.38,0.32,0.173,0.049,1.17,0.00002,<0.001,0.0008,0.0030,<0.0001,<0.0003
桃園沿海海域,沙崙中油卸油設施一,乙,2014/11/6 上午 08:00:00,5139,1.0,22.8,23.9,32.1,8.0,--,6.2,87.5,22.4,--,--,--,--,--,--,0.00002,--,0.0008,0.0053,<0.0001,<0.0003
桃園沿海海域,沙崙中油卸油設施一,乙,2014/8/19 上午 08:48:00,5139,1.0,30.8,29.4,33.5,8.1,--,5.9,92.5,9.9,--,--,--,--,--,--,0.00001,--,0.0007,0.0044,0.0001,<0.0003
桃園沿海海域,沙崙中油卸油設施一,乙,2014/5/20 上午 08:01:00,5139,1.0,26.0,26.3,33.8,8.1,--,6.5,96.7,10.8,--,--,--,--,--,--,0.00001,--,0.0004,0.0023,0.0001,<0.0003
桃園沿海海域,沙崙中油卸油設施一,乙,2014/2/7 上午 08:45:00,5139,1.0,16.6,20.3,34.7,8.0,--,7.0,95.5,8.9,0.3,0.03,0.07,0.046,0.017,0.310,0.00003,<0.001,0.0006,0.0106,<0.0001,<0.0003
桃園沿海海域,沙崙中油卸油設施二,乙,2014/11/6 上午 08:18:00,5140,1.0,22.9,23.9,32.3,8.0,--,6.1,84.7,16.3,--,--,--,--,--,--,0.00002,--,0.0005,0.0035,<0.0001,<0.0003
桃園沿海海域,沙崙中油卸油設施二,乙,2014/8/19 上午 09:07:00,5140,1.0,31.0,29.5,33.2,8.1,--,6.0,94.3,8.4,--,--,--,--,--,--,<0.00001,--,0.0011,0.0020,0.0001,<0.0003
桃園沿海海域,沙崙中油卸油設施二,乙,2014/5/20 上午 08:14:00,5140,1.0,26.0,26.3,33.8,8.2,--,6.5,97.0,6.4,--,--,--,--,--,--,<0.00001,--,0.0013,0.0015,<0.0001,<0.0003
桃園沿海海域,沙崙中油卸油設施二,乙,2014/2/7 上午 09:08:00,5140,1.0,16.7,20.2,34.7,8.1,--,7.0,95.5,8.8,0.6,0.02,0.08,0.044,0.016,0.297,0.00003,<0.001,0.0006,0.0101,<0.0001,<0.0003
桃園沿海海域,觀音溪口,乙,2014/11/6 上午 09:08:00,5141,1.0,23.0,23.9,32.0,8.1,--,6.4,90.7,9.6,--,--,--,--,--,--,0.00003,--,0.0007,0.0042,<0.0001,<0.0003
桃園沿海海域,觀音溪口,乙,2014/8/19 上午 10:25:00,5141,1.0,32.4,29.8,33.1,8.1,--,5.6,88.7,11.3,--,--,--,--,--,--,<0.00001,--,0.0012,0.0024,<0.0001,<0.0003
桃園沿海海域,觀音溪口,乙,2014/5/20 上午 08:41:00,5141,1.0,26.2,26.7,33.0,8.1,--,6.4,95.7,11.7,--,--,--,--,--,--,0.00001,--,0.0006,0.0037,<0.0001,<0.0003
桃園沿海海域,觀音溪口,乙,2014/2/7 上午 10:11:00,5141,1.0,16.6,19.1,34.1,8.1,--,7.2,95.5,12.3,0.7,0.04,0.19,0.067,0.020,0.495,0.00003,<0.001,0.0006,0.0056,<0.0001,<0.0003
新竹香山沿海海域,頭前溪口南側,乙,2014/10/30 上午 11:23:00,5142,1.0,28.0,27.4,32.9,8.1,--,6.9,104.0,3.6,--,--,--,--,--,--,0.00002,--,0.0004,0.0025,0.0001,<0.0003
新竹香山沿海海域,頭前溪口南側,乙,2014/8/26 上午 09:33:00,5142,1,29.8,30.0,33.3,8.2,--,7.0,109.6,3.4,--,--,--,--,--,--,0.00002,--,0.0002,0.0011,<0.0001,<0.0003
新竹香山沿海海域,頭前溪口南側,乙,2014/5/16 上午 09:59:00,5142,1,27.6,26.3,32.7,8.1,--,6.4,95.6,2.5,--,--,--,--,--,--,0.00001,--,0.0003,0.0019,0.0001,<0.0003
新竹香山沿海海域,頭前溪口南側,乙,2014/1/17 上午 10:14:00,5142,1,21.1,17.9,33.7,8.1,--,7.3,93.1,19.3,0.6,0.01,0.14,0.052,0.030,0.356,0.00003,<0.001,0.0007,0.0019,0.0001,<0.0003
新竹香山沿海海域,鳳山溪北側,乙,2014/10/30 上午 11:32:00,5143,1.0,27.8,26.8,32.8,8.1,--,6.9,102.9,2.2,--,--,--,--,--,--,0.00002,--,0.0004,0.0017,0.0001,<0.0003
新竹香山沿海海域,鳳山溪北側,乙,2014/8/26 上午 09:43:00,5143,1,29.9,29.6,33.1,8.2,--,6.8,106.0,<2.0,--,--,--,--,--,--,0.00002,--,0.0002,0.0009,<0.0001,<0.0003
新竹香山沿海海域,鳳山溪北側,乙,2014/5/16 上午 10:09:00,5143,1,27.7,26.3,33.4,8.1,--,6.4,95.9,<2.0,--,--,--,--,--,--,0.00002,--,0.0002,0.0011,0.0001,<0.0003
新竹香山沿海海域,鳳山溪北側,乙,2014/1/17 上午 10:24:00,5143,1,21.3,17.8,33.7,8.2,--,7.6,97.2,13.8,0.7,0.05,0.14,0.048,0.034,0.380,0.00002,<0.001,0.0006,0.0022,0.0001,<0.0003
新竹香山沿海海域,客雅溪河口外4海浬處,乙,2014/10/30 上午 10:57:00,5144,1.0,27.5,26.9,33.1,8.2,--,7.2,107.5,<2.0,--,--,--,--,--,--,0.00002,--,0.0004,0.0015,0.0001,<0.0003
新竹香山沿海海域,客雅溪河口外4海浬處,乙,2014/8/26 上午 09:04:00,5144,1,29.2,29.8,32.9,8.2,--,7.0,109.2,<2.0,--,--,--,--,--,--,0.00001,--,0.0002,0.0010,<0.0001,<0.0003
新竹香山沿海海域,客雅溪河口外4海浬處,乙,2014/5/16 上午 09:30:00,5144,1,27.2,26.0,31.2,8.1,--,6.6,96.6,5.3,--,--,--,--,--,--,0.00002,--,0.0002,0.0013,0.0001,<0.0003
新竹香山沿海海域,客雅溪河口外4海浬處,乙,2014/1/17 上午 09:48:00,5144,1,20.7,18.0,33.9,8.2,--,7.4,94.8,7.6,0.5,0.06,0.11,0.038,0.027,0.332,0.00006,<0.001,0.0006,0.0022,0.0002,<0.0003
新竹香山沿海海域,紅毛港外,乙,2014/10/30 上午 11:52:00,5145,1.0,27.9,27.1,32.7,8.1,--,6.6,99.0,6.1,--,--,--,--,--,--,0.00001,--,0.0005,0.0019,0.0001,<0.0003
新竹香山沿海海域,紅毛港外,乙,2014/8/26 上午 10:01:00,5145,1,30.1,29.9,33.2,8.2,--,6.8,106.4,<2.0,--,--,--,--,--,--,0.00002,--,0.0002,0.0010,0.0001,<0.0003
新竹香山沿海海域,紅毛港外,乙,2014/5/16 上午 10:30:00,5145,1,27.9,26.5,33.5,8.1,--,6.3,94.8,5.0,--,--,--,--,--,--,0.00004,--,0.0005,0.0013,<0.0001,<0.0003
新竹香山沿海海域,紅毛港外,乙,2014/1/17 上午 10:40:00,5145,1,21.6,16.9,33.5,8.2,--,7.6,94.9,25.6,0.8,0.01,0.19,0.057,0.050,0.460,0.00003,<0.001,0.0007,0.0017,0.0001,<0.0003
宜蘭蘇澳沿海海域    ,龜山島,甲,2014/11/14 上午 10:25:00,5146,1.0,14.5,22.5,34.0,8.2,--,6.5,90.5,<2.0,--,--,--,--,--,--,0.00001,--,0.0002,0.0083,0.0001,<0.0003
宜蘭蘇澳沿海海域    ,龜山島,甲,2014/8/20 上午 10:00:00,5146,1.0,28.6,28.1,32.9,8.2,--,6.6,100.9,4.6,--,--,--,--,--,--,<0.00001,--,0.0002,0.0044,<0.0001,<0.0003
宜蘭蘇澳沿海海域    ,龜山島,甲,2014/5/23 上午 09:09:00,5146,1.0,25.8,23.8,34.0,8.2,--,7.1,101.1,4.0,--,--,--,--,--,--,<0.00001,--,0.0004,0.0043,0.0004,<0.0003
宜蘭蘇澳沿海海域    ,龜山島,甲,2014/2/25 上午 09:56:00,5146,1.0,20.1,21.0,33.9,8.2,--,7.3,97.4,<2.0,0.7,0.03,0.05,0.011,0.002,0.385,0.00002,<0.001,0.0007,0.0117,0.0008,<0.0003
宜蘭蘇澳沿海海域    ,得子口溪口,甲,2014/11/14 上午 11:01:00,5147,1.0,14.6,22.1,33.4,8.2,--,6.9,94.7,5.5,--,--,--,--,--,--,0.00001,--,0.0003,0.0060,<0.0001,<0.0003
宜蘭蘇澳沿海海域    ,得子口溪口,甲,2014/8/20 上午 10:43:00,5147,1.0,29.1,28.2,32.2,8.2,--,6.7,101.9,12.0,--,--,--,--,--,--,<0.00001,--,0.0002,0.0039,<0.0001,<0.0003
宜蘭蘇澳沿海海域    ,得子口溪口,甲,2014/5/23 上午 09:55:00,5147,1.0,25.7,23.8,34.2,8.2,--,6.7,95.9,2.8,--,--,--,--,--,--,0.00001,--,0.0004,0.0045,0.0003,<0.0003
宜蘭蘇澳沿海海域    ,得子口溪口,甲,2014/2/25 上午 10:35:00,5147,1.0,20.9,21.0,34.3,8.2,--,7.2,100.9,2.4,0.7,<0.01,0.05,0.028,0.003,0.587,0.00002,<0.001,0.0003,0.0091,0.0004,<0.0003
宜蘭蘇澳沿海海域    ,蘭陽溪口,甲,2014/11/14 上午 09:25:00,5148,1.0,14.7,22.2,33.4,8.2,--,6.5,89.4,5.6,--,--,--,--,--,--,0.00002,--,0.0002,0.0116,0.0002,<0.0003
宜蘭蘇澳沿海海域    ,蘭陽溪口,甲,2014/8/20 上午 09:19:00,5148,1.0,29.1,27.5,32.4,8.1,--,6.5,97.4,16.9,--,--,--,--,--,--,0.00001,--,0.0003,0.0054,<0.0001,<0.0003
宜蘭蘇澳沿海海域    ,蘭陽溪口,甲,2014/5/23 上午 08:15:00,5148,1.0,25.8,23.5,32.9,8.2,--,8.3,118.3,15.6,--,--,--,--,--,--,0.00002,--,0.0006,0.0093,0.0002,<0.0003
宜蘭蘇澳沿海海域    ,蘭陽溪口,甲,2014/2/25 上午 09:01:00,5148,1.0,19.5,20.4,33.7,8.2,--,7.1,95.1,5.2,0.4,0.02,0.05,0.022,0.003,0.508,0.00002,<0.001,0.0005,0.0033,<0.0001,<0.0003
宜蘭蘇澳沿海海域    ,新城溪口,甲,2014/11/14 上午 08:35:00,5149,1.0,14.9,22.1,32.5,8.1,--,7.0,95.8,9.2,--,--,--,--,--,--,0.00002,--,0.0003,0.0172,<0.0001,0.0005
宜蘭蘇澳沿海海域    ,新城溪口,甲,2014/8/20 上午 08:39:00,5149,1.0,28.4,27.4,32.7,8.1,--,6.6,99.6,4.6,--,--,--,--,--,--,0.00001,--,0.0004,0.0063,0.0002,<0.0003
宜蘭蘇澳沿海海域    ,新城溪口,甲,2014/5/23 上午 07:28:00,5149,1.0,26.2,23.4,33.8,8.2,--,6.8,97.4,10.6,--,--,--,--,--,--,0.00001,--,0.0004,0.0079,0.0002,0.0005
宜蘭蘇澳沿海海域    ,新城溪口,甲,2014/2/25 上午 08:17:00,5149,1.0,19.0,19.8,33.6,8.1,--,8.3,110.6,6.2,0.6,0.02,0.06,0.015,0.005,0.608,0.00001,<0.001,0.0005,0.0066,0.0002,<0.0003
宜蘭蘇澳沿海海域    ,蘇澳港,甲,2014/11/14 上午 08:03:00,5150,1.0,15.5,23.1,33.8,8.2,--,6.4,91.3,2.8,--,--,--,--,--,--,0.00002,--,0.0004,0.0414,<0.0001,<0.0003
宜蘭蘇澳沿海海域    ,蘇澳港,甲,2014/8/20 上午 08:08:00,5150,1.0,28.0,27.6,33.0,8.1,--,6.4,97.0,5.8,--,--,--,--,--,--,0.00001,--,0.0006,0.0107,0.0001,<0.0003
宜蘭蘇澳沿海海域    ,蘇澳港,甲,2014/5/23 上午 07:00:00,5150,1.0,26.0,23.6,33.9,8.1,--,7.0,100.4,5.6,--,--,--,--,--,--,0.00001,--,0.0005,0.0075,0.0006,<0.0003
宜蘭蘇澳沿海海域    ,蘇澳港,甲,2014/2/25 上午 07:40:00,5150,1.0,18.8,21.1,33.6,8.1,--,8.1,110.5,3.1,0.7,0.08,0.05,0.003,0.004,0.423,0.00002,<0.001,0.0010,0.0180,0.0008,<0.0003
花蓮沿海海域,和平溪河口,甲,2014/11/12 上午 08:19:00,5151,1.0,22.1,23.5,34.3,8.2,--,6.3,94.1,5.0,--,--,--,--,--,--,0.00002,--,0.0003,0.0029,<0.0001,<0.0003
花蓮沿海海域,和平溪河口,甲,2014/8/18 上午 10:45:00,5151,1.0,27.8,28.3,32.8,8.2,--,6.3,97.7,4.0,--,--,--,--,--,--,0.00002,--,0.0010,0.0087,0.0002,<0.0003
花蓮沿海海域,和平溪河口,甲,2014/5/21 上午 10:44:00,5151,1.0,25.8,24.7,33.9,8.2,--,6.7,97.2,4.0,--,--,--,--,--,--,0.00002,--,0.0009,0.0106,0.0055,0.0003
花蓮沿海海域,和平溪河口,甲,2014/2/17 上午 10:55:00,5151,1.0,21.2,22.9,34.2,8.2,--,6.5,91.7,7.1,0.2,<0.01,0.02,<0.003,0.004,0.329,0.00001,<0.001,0.0023,0.0038,0.0014,<0.0003
花蓮沿海海域,和平溪口外4海浬處,甲,2014/11/12 上午 07:58:00,5152,1.0,22.1,25.9,34.2,8.2,--,6.5,96.0,8.8,--,--,--,--,--,--,0.00002,--,0.0006,0.0065,<0.0001,<0.0003
花蓮沿海海域,和平溪口外4海浬處,甲,2014/8/18 上午 10:18:00,5152,1.0,28.4,28.7,32.4,8.1,--,6.4,99.0,3.4,--,--,--,--,--,--,0.00001,--,0.0012,0.0128,0.0004,<0.0003
花蓮沿海海域,和平溪口外4海浬處,甲,2014/5/21 上午 10:15:00,5152,1.0,25.5,27.4,33.7,8.1,--,6.5,99.7,<2.0,--,--,--,--,--,--,0.00003,--,0.0006,0.0071,0.0057,<0.0003
花蓮沿海海域,和平溪口外4海浬處,甲,2014/2/17 上午 10:20:00,5152,1.0,21.2,23.5,34.0,8.2,--,6.7,94.5,4.3,0.2,0.02,0.02,<0.003,0.002,0.164,0.00004,<0.001,0.0006,0.0053,0.0055,<0.0003
花蓮沿海海域,和平港,甲,2014/11/12 上午 08:35:00,5153,1.0,21.9,26.3,34.4,8.2,--,6.4,94.6,<2.0,--,--,--,--,--,--,0.00001,--,0.0001,0.0023,0.0002,<0.0003
花蓮沿海海域,和平港,甲,2014/8/18 上午 11:10:00,5153,1.0,28.5,28.1,32.8,8.2,--,6.3,96.2,<2.0,--,--,--,--,--,--,<0.00001,--,0.0003,0.0052,0.0001,<0.0003
花蓮沿海海域,和平港,甲,2014/5/21 上午 11:10:00,5153,1.0,25.6,26.6,33.0,8.2,--,6.6,98.9,13.4,--,--,--,--,--,--,0.00001,--,0.0004,0.0033,0.0015,<0.0003
花蓮沿海海域,和平港,甲,2014/2/17 上午 11:30:00,5153,1.0,21.3,23.5,34.2,8.2,--,6.8,97.0,3.6,0.1,<0.01,<0.01,0.004,0.002,0.190,<0.00001,<0.001,0.0003,0.0026,0.0025,<0.0003
花蓮沿海海域,立霧溪河口,甲,2014/11/12 上午 09:44:00,5154,1.0,22.5,25.4,33.5,8.2,--,6.5,95.3,4.6,--,--,--,--,--,--,0.00003,--,0.0003,0.0038,<0.0001,<0.0003
花蓮沿海海域,立霧溪河口,甲,2014/8/18 下午 12:43:00,5154,1.0,27.1,28.3,33.3,8.2,--,6.2,96.0,8.0,--,--,--,--,--,--,0.00003,--,0.0027,0.0104,0.0006,<0.0003
花蓮沿海海域,立霧溪河口,甲,2014/5/21 下午 12:32:00,5154,1.0,25.4,24.7,33.8,8.0,--,6.7,97.5,5.6,--,--,--,--,--,--,0.00001,--,0.0005,0.0054,0.0017,<0.0003
花蓮沿海海域,立霧溪河口,甲,2014/2/17 下午 12:41:00,5154,1.0,21.6,23.4,34.3,8.2,--,6.8,96.1,4.6,0.1,0.03,0.02,<0.003,0.002,0.213,0.00001,<0.001,0.0004,0.0035,0.0049,<0.0003
花蓮沿海海域,花蓮港,甲,2014/11/12 上午 05:25:00,5155,1.0,22.2,25.3,30.1,8.2,--,6.6,93.7,4.2,--,--,--,--,--,--,0.00001,--,0.0002,0.0070,<0.0001,<0.0003
花蓮沿海海域,花蓮港,甲,2014/8/19 上午 07:15:00,5155,1.0,28.2,27.7,28.3,8.1,--,6.6,97.6,3.8,--,--,--,--,--,--,0.00001,--,0.0006,0.0084,<0.0001,<0.0003
花蓮沿海海域,花蓮港,甲,2014/5/22 上午 07:33:00,5155,1.0,25.7,26.2,33.0,8.2,--,6.7,99.1,4.2,--,--,--,--,--,--,0.00003,--,0.0004,0.0053,0.0027,<0.0003
花蓮沿海海域,花蓮港,甲,2014/2/18 上午 07:20:00,5155,1.0,18.9,23.1,32.7,8.2,--,6.7,97.1,4.9,0.2,0.03,0.04,<0.003,0.004,0.502,0.00002,<0.001,0.0005,0.0036,0.0039,<0.0003
花蓮沿海海域,花蓮溪河口,甲,2014/11/12 上午 11:03:00,5156,1.0,23.6,25.5,33.1,8.2,--,6.4,93.8,4.8,--,--,--,--,--,--,0.00002,--,0.0002,0.0040,<0.0001,<0.0003
花蓮沿海海域,花蓮溪河口,甲,2014/8/19 上午 07:32:00,5156,1.0,28.4,27.8,14.8,8.1,--,7.1,98.2,39.0,--,--,--,--,--,--,<0.00001,--,0.0003,0.0052,<0.0001,<0.0003
花蓮沿海海域,花蓮溪河口,甲,2014/5/22 上午 08:01:00,5156,1.0,25.7,26.2,33.8,8.2,--,6.7,99.4,2.3,--,--,--,--,--,--,0.00001,--,0.0004,0.0063,0.0017,0.0005
花蓮沿海海域,花蓮溪河口,甲,2014/2/18 上午 07:54:00,5156,1.0,18.6,23.1,33.4,8.2,--,6.8,94.5,6.7,0.2,0.09,0.02,<0.003,0.003,0.344,0.00001,<0.001,0.0005,0.0039,0.0023,<0.0003
花蓮沿海海域,豐濱溪河口,甲,2014/11/12 下午 01:20:00,5157,1.0,22.7,26.1,34.3,8.2,--,6.5,96.1,2.0,--,--,--,--,--,--,0.00002,--,0.0002,0.0033,<0.0001,<0.0003
花蓮沿海海域,豐濱溪河口,甲,2014/8/19 上午 10:10:00,5157,1.0,28.7,27.6,32.2,8.2,--,6.6,100.5,12.0,--,--,--,--,--,--,<0.00001,--,0.0003,0.0070,0.0001,<0.0003
花蓮沿海海域,豐濱溪河口,甲,2014/5/22 上午 09:55:00,5157,1.0,25.2,26.2,33.3,8.2,--,6.7,100.6,2.6,--,--,--,--,--,--,0.00002,--,0.0003,0.0048,0.0023,<0.0003
花蓮沿海海域,豐濱溪河口,甲,2014/2/18 上午 09:58:00,5157,1.0,21.1,23.6,34.0,8.2,--,6.8,96.5,3.4,0.2,0.05,0.01,<0.003,0.003,0.186,<0.00001,<0.001,0.0002,0.0022,0.0018,<0.0003
花蓮沿海海域,秀姑巒溪河口,甲,2014/11/12 下午 02:16:00,5158,1.0,23.7,25.6,33.7,8.2,--,6.6,96.7,4.8,--,--,--,--,--,--,0.00002,--,0.0003,0.0039,<0.0001,0.0006
花蓮沿海海域,秀姑巒溪河口,甲,2014/8/19 上午 11:23:00,5158,1.0,29.0,28.1,24.7,8.2,--,7.0,103.1,16.9,--,--,--,--,--,--,<0.00001,--,0.0001,0.0048,<0.0001,<0.0003
花蓮沿海海域,秀姑巒溪河口,甲,2014/5/22 上午 10:48:00,5158,1.0,26.3,25.6,32.6,8.1,--,6.7,99.4,5.1,--,--,--,--,--,--,0.00002,--,0.0003,0.0061,0.0020,<0.0003
花蓮沿海海域,秀姑巒溪河口,甲,2014/2/18 上午 10:55:00,5158,1.0,22.3,23.6,32.6,8.2,--,6.8,95.4,6.4,0.2,0.04,0.04,0.007,0.005,0.610,<0.00001,<0.001,0.0004,0.0022,0.0034,<0.0003
新竹香山沿海海域,中港溪口一,乙,2014/10/30 上午 10:37:00,5159,1.0,27.7,27.0,32.9,8.2,--,7.0,107.2,2.3,--,--,--,--,--,--,0.00002,--,0.0004,0.0019,0.0001,<0.0003
新竹香山沿海海域,中港溪口一,乙,2014/8/26 上午 08:44:00,5159,1,28.9,30.3,33.1,8.2,--,7.2,115.0,<2.0,--,--,--,--,--,--,0.00002,--,0.0002,0.0011,0.0001,<0.0003
新竹香山沿海海域,中港溪口一,乙,2014/5/16 上午 09:07:00,5159,1,27.2,25.8,33.5,8.1,--,6.3,93.6,3.8,--,--,--,--,--,--,0.00003,--,0.0002,0.0007,<0.0001,<0.0003
新竹香山沿海海域,中港溪口一,乙,2014/1/17 上午 09:24:00,5159,1,20.5,17.4,33.6,8.2,--,7.6,95.9,18.1,0.8,<0.01,0.16,0.119,0.039,0.467,0.00003,<0.001,0.0007,0.0020,0.0001,<0.0003
新竹香山沿海海域,中港溪口二,乙,2014/10/30 上午 09:51:00,5160,1.0,27.8,27.4,33.2,8.2,--,7.1,107.2,<2.0,--,--,--,--,--,--,0.00002,--,0.0003,0.0034,0.0001,<0.0003
新竹香山沿海海域,中港溪口二,乙,2014/8/26 上午 07:50:00,5160,1,28.4,29.7,33.2,8.2,--,6.8,106.4,<2.0,--,--,--,--,--,--,0.00002,--,0.0002,0.0010,0.0001,<0.0003
新竹香山沿海海域,中港溪口二,乙,2014/5/16 上午 08:17:00,5160,1,27.1,25.8,31.3,8.1,--,6.4,93.2,4.8,--,--,--,--,--,--,0.00002,--,0.0002,0.0010,<0.0001,<0.0003
新竹香山沿海海域,中港溪口二,乙,2014/1/17 上午 08:31:00,5160,1,20.4,17.3,34.0,8.2,--,7.4,93.2,9.6,0.3,<0.01,0.10,0.030,0.030,0.297,0.00002,<0.001,0.0005,0.0022,0.0002,<0.0003
新竹香山沿海海域,通霄溪口,乙,2014/10/30 上午 08:17:00,5161,1.0,26.2,25.8,33.0,8.2,--,6.9,102.2,2.3,--,--,--,--,--,--,0.00002,--,0.0004,0.0016,0.0001,<0.0003
新竹香山沿海海域,通霄溪口,乙,2014/8/26 上午 06:11:00,5161,1,27.7,29.2,33.1,8.2,--,6.8,106.2,2.4,--,--,--,--,--,--,0.00002,--,0.0002,0.0009,0.0001,<0.0003
新竹香山沿海海域,通霄溪口,乙,2014/5/16 上午 06:36:00,5161,1,26.4,25.7,32.8,8.1,--,6.4,94.0,8.7,--,--,--,--,--,--,0.00002,--,0.0002,0.0011,0.0001,<0.0003
新竹香山沿海海域,通霄溪口,乙,2014/1/17 上午 06:42:00,5161,1,20.1,17.1,34.2,8.2,--,7.2,90.2,5.7,0.2,0.01,0.06,0.019,0.014,0.231,0.00002,<0.001,0.0003,0.0011,0.0001,<0.0003
台中港沿海海域,大安溪口,乙,2014/10/30 上午 07:44:00,5162,1.0,26.0,25.4,32.9,8.2,--,7.0,103.1,2.6,--,--,--,--,--,--,0.00003,--,0.0005,0.0035,0.0001,<0.0003
台中港沿海海域,大安溪口,乙,2014/8/26 上午 05:36:00,5162,1,27.6,29.3,32.7,8.2,--,6.8,106.3,2.8,--,--,--,--,--,--,0.00002,--,0.0002,0.0011,<0.0001,<0.0003
台中港沿海海域,大安溪口,乙,2014/5/16 上午 06:02:00,5162,1,26.5,25.7,31.3,8.1,--,6.4,93.0,48.0,--,--,--,--,--,--,0.00004,--,0.0003,0.0012,<0.0001,<0.0003
台中港沿海海域,大安溪口,乙,2014/1/17 上午 06:04:00,5162,1,19.6,17.6,34.2,8.2,--,7.4,94.6,7.2,0.3,<0.01,0.07,0.022,0.016,0.250,0.00002,<0.001,0.0004,0.0014,0.0002,<0.0003
台中港沿海海域,台中港沿海一,乙,2014/10/30 上午 06:55:00,5163,1.0,25.8,25.3,33.1,8.2,--,6.9,100.5,2.2,--,--,--,--,--,--,0.00002,--,0.0005,0.0033,0.0001,<0.0003
台中港沿海海域,台中港沿海一,乙,2014/8/26 上午 04:47:00,5163,1,27.4,29.2,33.1,8.2,--,7.0,109.2,2.0,--,--,--,--,--,--,0.00003,--,0.0003,0.0014,0.0001,<0.0003
台中港沿海海域,台中港沿海一,乙,2014/5/16 上午 05:13:00,5163,1,26.1,25.7,27.8,8.2,--,6.6,94.2,9.2,--,--,--,--,--,--,0.00002,--,0.0002,0.0009,<0.0001,<0.0003
台中港沿海海域,台中港沿海一,乙,2014/1/17 上午 05:11:00,5163,1,19.2,17.9,34.2,8.2,--,6.7,86.5,5.2,0.3,<0.01,0.07,0.023,0.016,0.227,0.00004,<0.001,0.0003,0.0015,0.0002,<0.0003
台中港沿海海域,台中港沿海二,乙,2014/10/30 上午 06:42:00,5164,1.0,25.6,25.2,32.8,8.2,--,6.8,99.6,2.0,--,--,--,--,--,--,0.00004,--,0.0005,0.0053,0.0001,<0.0003
台中港沿海海域,台中港沿海二,乙,2014/8/26 上午 04:28:00,5164,1,27.3,29.2,33.2,8.2,--,6.9,108.0,<2.0,--,--,--,--,--,--,0.00004,--,0.0003,0.0020,0.0001,<0.0003
台中港沿海海域,台中港沿海二,乙,2014/5/16 上午 04:58:00,5164,1,26.1,25.6,32.3,8.1,--,6.5,95.8,2.5,--,--,--,--,--,--,0.00001,--,0.0003,0.0014,0.0001,<0.0003
台中港沿海海域,台中港沿海二,乙,2014/1/17 上午 04:58:00,5164,1,18.9,16.3,33.6,8.2,--,7.5,93.5,16.2,0.5,<0.01,0.16,0.063,0.029,0.484,0.00003,<0.001,0.0007,0.0023,0.0001,<0.0003
台中港沿海海域,大肚溪口,乙,2014/10/30 上午 06:13:00,5165,1.0,25.6,25.4,32.9,8.2,--,6.9,101.3,2.3,--,--,--,--,--,--,0.00002,--,0.0004,0.0037,0.0001,<0.0003
台中港沿海海域,大肚溪口,乙,2014/8/25 上午 09:47:00,5165,1,30.5,30.4,33.1,8.1,--,6.7,107.6,3.7,--,--,--,--,--,--,0.00002,--,0.0003,0.0020,0.0001,<0.0003
台中港沿海海域,大肚溪口,乙,2014/5/16 上午 04:28:00,5165,1,26,25.6,31.9,8.1,--,6.6,96.2,2.9,--,--,--,--,--,--,0.00002,--,0.0003,0.0016,0.0001,<0.0003
台中港沿海海域,大肚溪口,乙,2014/1/17 上午 04:17:00,5165,1,18,17.1,34.1,8.2,--,7.3,91.8,14.1,0.6,0.03,0.11,0.034,0.018,0.259,0.00002,<0.001,0.0004,0.0018,0.0001,<0.0003
台中港沿海海域,大肚溪口外4海浬,乙,2014/10/30 上午 05:54:00,5166,1.0,25.3,25.0,32.6,8.2,--,6.9,100.1,3.1,--,--,--,--,--,--,0.00003,--,0.0007,0.0071,0.0001,<0.0003
台中港沿海海域,大肚溪口外4海浬,乙,2014/8/25 上午 09:21:00,5166,1,30.2,30.2,33.2,8.1,--,6.7,106.4,3.7,--,--,--,--,--,--,0.00002,--,0.0003,0.0023,0.0001,<0.0003
台中港沿海海域,大肚溪口外4海浬,乙,2014/5/16 上午 04:06:00,5166,1,25.9,25.6,27.8,8.1,--,6.5,93.2,55.3,--,--,--,--,--,--,0.00004,--,0.0004,0.0017,<0.0001,<0.0003
台中港沿海海域,大肚溪口外4海浬,乙,2014/1/17 上午 04:00:00,5166,1,17.4,17.9,30.0,8.2,--,7.7,96.2,17.5,0.6,0.06,0.50,0.332,0.051,1.18,0.00005,<0.001,0.0009,0.0085,0.0007,<0.0003
彰濱沿海海域,彰濱沿海一,乙,2014/10/27 上午 07:37:00,5167,1.0,25.2,25.6,32.7,8.2,--,6.9,101.0,4.0,--,--,--,--,--,--,0.00002,--,0.0005,0.0023,0.0001,<0.0003
彰濱沿海海域,彰濱沿海一,乙,2014/8/25 上午 09:06:00,5167,1,29.9,30.2,33.0,8.1,--,6.7,106.7,4.4,--,--,--,--,--,--,0.00002,--,0.0003,0.0017,0.0001,<0.0003
彰濱沿海海域,彰濱沿海一,乙,2014/5/15 上午 09:09:00,5167,1,28.5,26.4,33.3,8.1,--,6.2,92.1,7.0,--,--,--,--,--,--,0.00002,--,0.0003,0.0013,<0.0001,<0.0003
彰濱沿海海域,彰濱沿海一,乙,2014/1/8 上午 10:50:00,5167,1,23.4,21.2,33.7,8.1,--,6.9,93.4,5.6,0.7,0.03,0.12,0.030,0.019,0.588,0.00003,<0.001,0.0003,0.0006,<0.0001,<0.0003
彰濱沿海海域,彰濱沿海二,乙,2014/10/27 上午 07:25:00,5168,1.0,25.0,25.3,33.1,8.2,--,6.8,99.4,6.0,--,--,--,--,--,--,0.00002,--,0.0005,0.0042,0.0002,<0.0003
彰濱沿海海域,彰濱沿海二,乙,2014/8/25 上午 08:53:00,5168,1,29.5,30.3,31.9,8.1,--,6.7,106.4,3.9,--,--,--,--,--,--,0.00002,--,0.0003,0.0022,0.0001,<0.0003
彰濱沿海海域,彰濱沿海二,乙,2014/5/15 上午 08:55:00,5168,1,28.4,26.4,33.7,8.1,--,6.3,94.6,7.9,--,--,--,--,--,--,0.00002,--,0.0003,0.0011,0.0001,<0.0003
彰濱沿海海域,彰濱沿海二,乙,2014/1/8 上午 10:36:00,5168,1,23,20.8,33.7,8.1,--,6.7,91.4,6.7,0.6,0.05,0.10,0.067,0.019,0.548,0.00004,<0.001,0.0003,0.0014,<0.0001,<0.0003
彰濱沿海海域,彰濱沿海三,乙,2014/10/27 上午 07:06:00,5169,1.0,25.0,25.2,32.4,8.1,--,6.8,98.7,13.2,--,--,--,--,--,--,0.00004,--,0.0010,0.0058,0.0001,<0.0003
彰濱沿海海域,彰濱沿海三,乙,2014/8/25 上午 08:36:00,5169,1,29.3,30.8,31.9,8.1,--,6.7,106.8,3.8,--,--,--,--,--,--,0.00006,--,0.0010,0.0006,<0.0001,<0.0003
彰濱沿海海域,彰濱沿海三,乙,2014/5/15 上午 08:31:00,5169,1,28.3,26.1,33.8,8.1,--,6.2,93.4,14.7,--,--,--,--,--,--,0.00002,--,0.0004,0.0013,0.0001,<0.0003
彰濱沿海海域,彰濱沿海三,乙,2014/1/8 上午 10:17:00,5169,1,22.2,21.1,33.9,8.1,--,7.3,98.2,4.5,0.5,0.02,0.12,0.070,0.018,0.572,0.00006,<0.001,0.0002,0.0009,0.0001,<0.0003
雲林沿海海域,濁水溪口一,甲,2014/10/27 上午 05:21:00,5170,1.0,24.8,25.1,33.4,8.1,--,6.8,98.5,22.9,--,--,--,--,--,--,0.00006,--,0.0009,0.0015,0.0001,<0.0003
雲林沿海海域,濁水溪口一,甲,2014/8/25 上午 07:09:00,5170,1,28.7,28.9,33.3,8.1,--,6.5,101.3,10.9,--,--,--,--,--,--,0.00002,--,0.0003,0.0013,0.0001,<0.0003
雲林沿海海域,濁水溪口一,甲,2014/5/15 上午 07:11:00,5170,1,28.3,26.3,34.4,8.1,--,6.3,95.4,23.3,--,--,--,--,--,--,0.00002,--,0.0004,0.0008,0.0001,<0.0003
雲林沿海海域,濁水溪口一,甲,2014/1/8 上午 08:21:00,5170,1,21.3,19.6,33.8,8.1,--,7.0,91.4,12.0,--,0.03,0.11,0.040,0.018,0.553,0.00005,<0.001,0.0002,0.0004,<0.0001,<0.0003
雲林沿海海域,濁水溪口二,甲,2014/10/27 上午 05:07:00,5171,1.0,25.0,25.3,33.7,8.1,--,6.8,100.1,38.8,--,--,--,--,--,--,0.00002,--,0.0005,0.0013,0.0001,<0.0003
雲林沿海海域,濁水溪口二,甲,2014/8/25 上午 06:58:00,5171,1,28.6,29.0,33.2,8.1,--,6.5,101.0,10.0,--,--,--,--,--,--,0.00003,--,0.0003,0.0024,0.0001,<0.0003
雲林沿海海域,濁水溪口二,甲,2014/5/15 上午 06:59:00,5171,1,28.1,26.4,34.3,8.1,--,6.1,92.4,41.0,--,--,--,--,--,--,0.00002,--,0.0003,0.0008,0.0001,<0.0003
雲林沿海海域,濁水溪口二,甲,2014/1/8 上午 08:08:00,5171,1,20.8,19.7,33.9,8.1,--,6.7,89.6,14.7,0.9,0.02,0.13,0.042,0.025,0.524,0.00004,<0.001,0.0002,0.0003,<0.0001,<0.0003
雲林沿海海域,濁水溪口外4海浬,甲,2014/10/27 上午 04:56:00,5172,1.0,25.1,25.3,33.7,8.1,--,6.6,97.3,34.2,--,--,--,--,--,--,0.00002,--,0.0006,0.0021,0.0001,<0.0003
雲林沿海海域,濁水溪口外4海浬,甲,2014/8/25 上午 06:48:00,5172,1,28.6,29.0,33.1,8.1,--,6.6,102.4,8.4,--,--,--,--,--,--,0.00003,--,0.0004,0.0030,0.0001,<0.0003
雲林沿海海域,濁水溪口外4海浬,甲,2014/5/15 上午 06:50:00,5172,1,28.2,26.4,34.4,8.1,--,6.1,93.3,11.3,--,--,--,--,--,--,0.00002,--,0.0003,0.0008,0.0001,<0.0003
雲林沿海海域,濁水溪口外4海浬,甲,2014/1/8 上午 08:00:00,5172,1,20.4,19.7,33.9,8.1,--,6.8,89.8,24.4,0.5,0.03,0.11,0.037,0.023,0.551,0.00004,<0.001,0.0002,0.0003,<0.0001,<0.0003
雲林沿海海域,六輕沿海一,甲,2014/10/27 上午 04:34:00,5173,1.0,24.9,25.2,33.6,8.1,--,6.6,96.4,28.9,--,--,--,--,--,--,0.00003,--,0.0007,0.0023,0.0001,<0.0003
雲林沿海海域,六輕沿海一,甲,2014/8/25 上午 06:30:00,5173,1,28.6,28.9,33.2,8.2,--,6.7,104.3,10.7,--,--,--,--,--,--,0.00005,--,0.0010,0.0090,0.0005,<0.0003
雲林沿海海域,六輕沿海一,甲,2014/5/15 上午 06:36:00,5173,1,28,26.3,34.1,8.1,--,6.2,93.0,13.4,--,--,--,--,--,--,0.00002,--,0.0004,0.0011,0.0001,<0.0003
雲林沿海海域,六輕沿海一,甲,2014/1/8 上午 07:40:00,5173,1,20.3,19.6,32.6,8.1,--,7.0,91.4,15.4,0.6,0.10,0.14,0.062,0.026,0.923,0.00003,<0.001,0.0003,0.0004,<0.0001,<0.0003
雲林沿海海域,六輕沿海二,甲,2014/10/27 上午 04:10:00,5174,1.0,25.0,25.2,33.6,8.1,--,6.6,96.4,48.4,--,--,--,--,--,--,0.00005,--,0.0006,0.0023,0.0001,<0.0003
雲林沿海海域,六輕沿海二,甲,2014/8/25 上午 06:18:00,5174,1,28.5,28.9,33.0,8.1,--,6.8,105.4,13.8,--,--,--,--,--,--,0.00004,--,0.0004,0.0037,0.0001,<0.0003
雲林沿海海域,六輕沿海二,甲,2014/5/15 上午 06:23:00,5174,1,27.8,26.2,34.0,8.1,--,6.2,93.2,52.8,--,--,--,--,--,--,0.00003,--,0.0005,0.0018,0.0001,<0.0003
雲林沿海海域,六輕沿海二,甲,2014/1/8 上午 07:22:00,5174,1,20.8,20.3,33.7,7.6,--,6.8,92.3,11.6,0.7,0.05,0.13,0.060,0.024,0.668,0.00004,<0.001,0.0004,0.0012,0.0001,<0.0003
雲林沿海海域,台西外海,甲,2014/10/27 上午 03:16:00,5175,1.0,24.9,25.1,33.7,8.2,--,6.6,97.3,44.9,--,--,--,--,--,--,0.00006,--,0.0005,0.0021,0.0001,<0.0003
雲林沿海海域,台西外海,甲,2014/8/25 上午 05:47:00,5175,1,28.5,28.8,33.5,8.1,--,6.7,104.3,9.5,--,--,--,--,--,--,0.00003,--,0.0004,0.0026,0.0001,<0.0003
雲林沿海海域,台西外海,甲,2014/5/15 上午 05:42:00,5175,1,27.4,26.3,34.4,8.2,--,6.3,94.7,29.4,--,--,--,--,--,--,0.00002,--,0.0003,0.0012,0.0001,<0.0003
雲林沿海海域,台西外海,甲,2014/1/8 上午 06:35:00,5175,1,21.4,21.0,34.7,8.1,--,7.0,97.0,15.8,0.5,<0.01,0.05,0.009,0.008,0.286,0.00002,<0.001,0.0002,0.0003,0.0001,<0.0003
雲林沿海海域,三條崙外海,甲,2014/10/27 上午 02:45:00,5176,1.0,24.8,25.1,33.7,8.1,--,6.6,96.5,57.0,--,--,--,--,--,--,0.00004,--,0.0010,0.0054,0.0002,<0.0003
雲林沿海海域,三條崙外海,甲,2014/8/25 上午 05:18:00,5176,1,28.4,28.8,33.6,8.2,--,6.8,103.2,4.5,--,--,--,--,--,--,0.00006,--,0.0008,0.0050,0.0003,<0.0003
雲林沿海海域,三條崙外海,甲,2014/5/15 上午 05:22:00,5176,1,27.2,26.3,34.3,8.1,--,6.3,94.2,8.5,--,--,--,--,--,--,0.00003,--,0.0005,0.0030,0.0004,<0.0003
雲林沿海海域,三條崙外海,甲,2014/1/8 上午 06:05:00,5176,1,21,20.7,34.4,8.2,--,7.0,97.4,21.1,0.6,<0.01,0.06,0.021,0.010,0.346,0.00006,<0.001,0.0002,0.0003,0.0001,<0.0003
雲林沿海海域,北港溪口一,甲,2014/10/27 上午 02:30:00,5177,1.0,25.0,25.2,33.6,8.1,--,6.6,97.2,32.9,--,--,--,--,--,--,0.00005,--,0.0020,0.0086,0.0003,<0.0003
雲林沿海海域,北港溪口一,甲,2014/8/25 上午 04:55:00,5177,1,28.4,29.2,32.3,8.2,--,6.5,101.2,4.1,--,--,--,--,--,--,0.00008,--,0.0013,0.0116,0.0009,<0.0003
雲林沿海海域,北港溪口一,甲,2014/5/15 上午 05:08:00,5177,1,27.2,26.4,33.1,8.1,--,6.0,90.9,4.3,--,--,--,--,--,--,0.00009,--,0.0007,0.0042,0.0007,<0.0003
雲林沿海海域,北港溪口一,甲,2014/1/8 上午 05:47:00,5177,1,19.6,19.4,34.1,8.2,--,6.9,91.3,19.2,0.7,<0.01,0.08,0.025,0.018,0.452,0.00004,<0.001,0.0003,0.0011,0.0001,<0.0003
東石布袋沿海海域,東石港外海一,甲,2014/10/14 上午 10:50:00,5178,1.0,30.3,24.6,33.7,8.1,--,6.4,92.5,58.0,--,--,--,--,--,--,0.00003,--,0.0007,0.0014,<0.0001,<0.0003
東石布袋沿海海域,東石港外海一,甲,2014/7/16 上午 11:30:00,5178,1.0,32.0,32.0,33.2,8.2,--,5.9,98.0,7.7,--,--,--,--,--,--,<0.00001,--,0.0003,0.0029,<0.0001,<0.0003
東石布袋沿海海域,東石港外海一,甲,2014/5/6 上午 11:25:00,5178,1.0,20.4,23.6,33.2,8.1,--,6.8,96.3,21.7,--,--,--,--,--,--,0.00001,--,0.0006,0.0019,0.0001,<0.0003
東石布袋沿海海域,東石港外海一,甲,2014/1/17 上午 11:17:00,5178,1.0,22.4,19.0,34.4,8.2,--,7.1,93.6,56.3,0.2,0.03,0.07,0.043,0.019,0.367,0.00002,<0.001,0.0006,0.0007,<0.0001,<0.0003
東石布袋沿海海域,東石港外海二,甲,2014/10/14 上午 11:08:00,5179,1.0,30.2,24.6,33.7,8.1,--,6.4,91.7,59.2,--,--,--,--,--,--,0.00003,--,0.0007,0.0036,<0.0001,<0.0003
東石布袋沿海海域,東石港外海二,甲,2014/7/16 上午 11:15:00,5179,1.0,31.9,32.0,33.3,8.2,--,6.0,98.6,11.0,--,--,--,--,--,--,<0.00001,--,0.0002,0.0013,<0.0001,<0.0003
東石布袋沿海海域,東石港外海二,甲,2014/5/6 上午 11:15:00,5179,1.0,20.4,22.8,32.5,8.1,--,6.7,93.3,21.9,--,--,--,--,--,--,0.00001,--,0.0005,0.0022,0.0001,<0.0003
東石布袋沿海海域,東石港外海二,甲,2014/1/17 上午 11:05:00,5179,1.0,22.4,19.3,34.4,8.1,--,7.0,92.6,59.7,0.3,0.04,0.07,0.045,0.019,0.336,0.00002,<0.001,0.0009,0.0006,<0.0001,<0.0003
東石布袋沿海海域,布袋港外海一,甲,2014/10/14 上午 09:58:00,5180,1.0,30.2,24.9,33.6,8.0,--,6.4,93.0,34.1,--,--,--,--,--,--,0.00003,--,0.0008,0.0013,<0.0001,<0.0003
東石布袋沿海海域,布袋港外海一,甲,2014/7/16 上午 10:15:00,5180,1.0,31.3,33.0,33.1,8.2,--,6.0,98.9,6.4,--,--,--,--,--,--,<0.00001,--,0.0003,0.0012,<0.0001,<0.0003
東石布袋沿海海域,布袋港外海一,甲,2014/5/6 上午 10:13:00,5180,1.0,20.7,23.4,33.4,8.1,--,6.6,94.1,12.0,--,--,--,--,--,--,0.00001,--,0.0005,0.0012,0.0002,<0.0003
東石布袋沿海海域,布袋港外海一,甲,2014/1/17 上午 10:05:00,5180,1.0,22.3,19.0,34.2,8.2,--,7.2,94.4,41.8,0.3,0.05,0.08,0.049,0.021,0.363,0.00002,<0.001,0.0017,0.0008,<0.0001,<0.0003
東石布袋沿海海域,布袋港外海二,甲,2014/10/14 上午 09:15:00,5181,1.0,29.6,24.9,33.7,8.1,--,6.5,94.2,30.6,--,--,--,--,--,--,0.00003,--,0.0009,0.0053,<0.0001,<0.0003
東石布袋沿海海域,布袋港外海二,甲,2014/7/16 上午 09:25:00,5181,1.0,30.9,32.3,33.0,8.1,--,6.1,99.8,8.2,--,--,--,--,--,--,<0.00001,--,0.0005,0.0013,<0.0001,<0.0003
東石布袋沿海海域,布袋港外海二,甲,2014/5/6 上午 09:25:00,5181,1.0,20.7,23.5,32.9,8.0,--,6.4,90.1,25.4,--,--,--,--,--,--,0.00001,--,0.0007,0.0017,0.0001,<0.0003
東石布袋沿海海域,布袋港外海二,甲,2014/1/17 上午 09:15:00,5181,1.0,20.6,18.3,34.1,8.2,--,7.4,95.8,28.5,0.2,0.06,0.10,0.059,0.022,0.403,0.00003,<0.001,0.0010,0.0013,<0.0001,<0.0003
東石布袋沿海海域,八掌溪口北側,甲,2014/10/14 上午 09:35:00,5182,1.0,30.0,24.8,33.6,8.1,--,6.0,87.3,44.7,--,--,--,--,--,--,0.00003,--,0.0008,0.0051,0.0001,<0.0003
東石布袋沿海海域,八掌溪口北側,甲,2014/7/16 上午 09:50:00,5182,1.0,31.0,32.0,33.5,8.2,--,6.1,99.7,7.5,--,--,--,--,--,--,<0.00001,--,0.0003,0.0012,<0.0001,<0.0003
東石布袋沿海海域,八掌溪口北側,甲,2014/5/6 上午 09:45:00,5182,1.0,20.9,23.4,33.3,8.1,--,6.7,95.2,23.4,--,--,--,--,--,--,0.00001,--,0.0006,0.0016,0.0002,<0.0003
東石布袋沿海海域,八掌溪口北側,甲,2014/1/17 上午 09:40:00,5182,1.0,21.2,18.3,33.9,8.1,--,7.4,95.3,36.4,0.6,0.09,0.10,0.068,0.029,0.445,0.00003,<0.001,0.0015,0.0009,<0.0001,<0.0003
東石布袋沿海海域,朴子溪口外4海浬,甲,2014/10/14 上午 10:25:00,5183,1.0,30.2,24.8,33.6,8.1,--,6.3,92.0,56.5,--,--,--,--,--,--,0.00004,--,0.0008,0.0038,<0.0001,<0.0003
東石布袋沿海海域,朴子溪口外4海浬,甲,2014/7/16 上午 10:50:00,5183,1.0,31.3,31.0,33.2,8.2,--,6.1,98.7,7.4,--,--,--,--,--,--,<0.00001,--,0.0003,0.0005,<0.0001,<0.0003
東石布袋沿海海域,朴子溪口外4海浬,甲,2014/5/6 上午 10:50:00,5183,1.0,20.5,21.8,33.0,8.1,--,6.8,93.6,23.4,--,--,--,--,--,--,0.00002,--,0.0008,0.0023,<0.0001,<0.0003
東石布袋沿海海域,朴子溪口外4海浬,甲,2014/1/17 上午 10:40:00,5183,1.0,21.9,19.0,34.4,8.2,--,7.0,91.3,47.1,0.1,0.03,0.09,0.043,0.022,0.347,0.00002,<0.001,0.0005,0.0007,<0.0001,<0.0003
二仁溪口沿海海域,二仁溪口南側,乙,2014/10/2 上午 09:30:00,5184,1.0,30.9,29.7,30.7,8.1,--,6.4,101.3,5.1,--,--,--,--,--,--,0.00001,--,0.0008,0.0080,0.0001,<0.0003
二仁溪口沿海海域,二仁溪口南側,乙,2014/7/3 上午 09:17:00,5184,1.0,32.8,31.7,34.0,8.3,--,7.6,124.5,2.1,--,--,--,--,--,--,<0.00001,--,0.0005,0.0023,<0.0001,<0.0003
二仁溪口沿海海域,二仁溪口南側,乙,2014/5/5 上午 10:00:00,5184,1.0,27.5,26.0,33.1,8.2,--,7.2,106.6,<2.0,--,--,--,--,--,--,0.00001,--,0.0007,0.0050,0.0001,<0.0003
二仁溪口沿海海域,二仁溪口南側,乙,2014/1/17 上午 09:20:00,5184,1.0,24.2,23.0,34.3,8.3,--,7.3,102.2,3.7,0.3,0.11,0.09,0.084,0.004,0.103,<0.00001,<0.001,0.0003,0.0016,0.0001,<0.0003
二仁溪口沿海海域,二仁溪口北側,乙,2014/10/2 上午 10:40:00,5185,1.0,31.0,31.0,29.1,8.1,--,6.6,105.4,4.6,--,--,--,--,--,--,0.00001,--,0.0014,0.0165,<0.0001,<0.0003
二仁溪口沿海海域,二仁溪口北側,乙,2014/7/3 上午 10:07:00,5185,1.0,32.8,31.4,33.8,8.4,--,8.3,136.4,2.5,--,--,--,--,--,--,<0.00001,--,0.0005,0.0029,0.0001,<0.0003
二仁溪口沿海海域,二仁溪口北側,乙,2014/5/5 上午 10:55:00,5185,1.0,28.5,26.0,33.4,8.2,--,7.2,106.8,<2.0,--,--,--,--,--,--,0.00001,--,0.0006,0.0077,0.0002,<0.0003
二仁溪口沿海海域,二仁溪口北側,乙,2014/1/17 上午 10:18:00,5185,1.0,25.0,22.5,34.3,8.2,--,7.2,99.8,4.6,0.2,0.15,0.01,0.018,0.001,0.100,<0.00001,<0.001,0.0002,0.0008,0.0001,<0.0003
二仁溪口沿海海域,二仁溪口外側,乙,2014/10/2 上午 10:20:00,5186,1.0,30.9,30.4,29.5,8.1,--,6.3,98.8,5.9,--,--,--,--,--,--,0.00001,--,0.0022,0.0362,<0.0001,<0.0003
二仁溪口沿海海域,二仁溪口外側,乙,2014/7/3 上午 09:55:00,5186,1.0,32.8,31.5,33.8,8.4,--,8.8,143.9,3.2,--,--,--,--,--,--,<0.00001,--,0.0020,0.0066,0.0001,<0.0003
二仁溪口沿海海域,二仁溪口外側,乙,2014/5/5 上午 10:45:00,5186,1.0,28.2,25.9,33.5,8.2,--,7.2,107.2,<2.0,--,--,--,--,--,--,0.00001,--,0.0003,0.0034,<0.0001,<0.0003
二仁溪口沿海海域,二仁溪口外側,乙,2014/1/17 上午 10:05:00,5186,1.0,25.1,22.9,34.3,8.2,--,7.3,101.8,2.0,0.2,0.01,0.01,0.012,<0.001,0.097,0.00001,<0.001,0.0005,0.0022,0.0003,<0.0003
二仁溪口沿海海域,二仁溪口,乙,2014/10/2 上午 10:58:00,5187,1.0,31.1,30.6,32.2,8.1,--,6.2,99.0,12.6,--,--,--,--,--,--,0.00001,--,0.0019,0.0054,0.0002,<0.0003
二仁溪口沿海海域,二仁溪口,乙,2014/7/3 上午 10:20:00,5187,1.0,33.0,31.8,33.9,8.2,--,6.6,108.6,8.8,--,--,--,--,--,--,<0.00001,--,0.0004,0.0020,<0.0001,<0.0003
二仁溪口沿海海域,二仁溪口,乙,2014/5/5 上午 11:05:00,5187,1.0,28.9,27.1,25.2,8.1,--,5.9,85.5,4.6,--,--,--,--,--,--,0.00002,--,0.0031,0.0258,0.0001,<0.0003
二仁溪口沿海海域,二仁溪口,乙,2014/1/17 上午 10:30:00,5187,1.0,25.2,21.4,33.2,8.2,--,7.0,95.3,3.8,0.8,0.84,0.11,0.222,0.022,0.432,0.00002,<0.001,0.0020,0.0146,0.0002,<0.0003
二仁溪口沿海海域,二仁溪口外4海浬,乙,2014/10/2 上午 09:55:00,5188,1.0,31.1,29.7,32.3,8.2,--,6.3,100.7,<2.0,--,--,--,--,--,--,<0.00001,--,0.0010,0.0016,0.0004,<0.0003
二仁溪口沿海海域,二仁溪口外4海浬,乙,2014/7/3 上午 09:38:00,5188,1.0,32.7,30.4,33.9,8.2,--,6.3,100.6,3.8,--,--,--,--,--,--,<0.00001,--,0.0002,0.0014,<0.0001,<0.0003
二仁溪口沿海海域,二仁溪口外4海浬,乙,2014/5/5 上午 10:25:00,5188,1.0,27.8,25.9,33.3,8.2,--,7.2,106.4,<2.0,--,--,--,--,--,--,<0.00001,--,0.0003,0.0028,0.0002,<0.0003
二仁溪口沿海海域,二仁溪口外4海浬,乙,2014/1/17 上午 09:45:00,5188,1.0,24.7,22.8,34.2,8.2,--,7.3,101.6,3.9,0.2,0.06,0.01,0.017,<0.001,0.089,0.00002,<0.001,0.0006,0.0026,0.0005,<0.0003
高雄港沿海海域,高雄港口外一,乙,2014/10/1 上午 09:15:00,5189,1.0,31.6,30.1,34.9,8.1,--,6.4,102.7,2.0,--,--,--,--,--,--,<0.00001,--,0.0003,0.0025,<0.0001,<0.0003
高雄港沿海海域,高雄港口外一,乙,2014/7/1 上午 09:20:00,5189,1.0,30.2,31.0,32.4,8.3,--,7.2,115.7,2.3,--,--,--,--,--,--,0.00002,--,0.0014,0.0029,<0.0001,<0.0003
高雄港沿海海域,高雄港口外一,乙,2014/5/3 上午 10:00:00,5189,1.0,34.2,28.4,34.4,8.1,--,6.6,101.3,<2.0,--,--,--,--,--,--,0.00001,--,0.0007,0.0030,<0.0001,<0.0003
高雄港沿海海域,高雄港口外一,乙,2014/1/4 上午 09:35:00,5189,1.0,23.4,23.3,34.4,8.3,--,6.5,92.6,3.6,0.7,0.03,0.03,0.021,0.006,0.211,0.00002,<0.001,0.0018,0.0114,0.0003,<0.0003
高雄港沿海海域,高雄港口外二,乙,2014/10/1 上午 09:40:00,5190,1.0,32.0,29.2,35.4,8.2,--,6.4,101.0,<2.0,--,--,--,--,--,--,0.00001,--,0.0004,0.0026,<0.0001,<0.0003
高雄港沿海海域,高雄港口外二,乙,2014/7/1 上午 09:42:00,5190,1.0,30.4,30.9,32.6,8.3,--,7.3,116.2,2.8,--,--,--,--,--,--,0.00001,--,0.0010,0.0023,<0.0001,<0.0003
高雄港沿海海域,高雄港口外二,乙,2014/5/3 上午 10:25:00,5190,1.0,34.5,28.1,34.3,8.1,--,6.6,101.4,<2.0,--,--,--,--,--,--,0.00001,--,0.0005,0.0040,<0.0001,<0.0003
高雄港沿海海域,高雄港口外二,乙,2014/1/4 上午 09:52:00,5190,1.0,23.9,23.6,34.4,8.3,--,6.3,90.2,3.0,0.8,0.02,0.02,0.012,0.004,0.188,0.00002,<0.001,0.0011,0.0100,0.0002,<0.0003
高雄港沿海海域,高雄港口外三,乙,2014/10/1 上午 10:22:00,5191,1.0,32.2,29.2,35.2,8.2,--,6.7,106.0,<2.0,--,--,--,--,--,--,<0.00001,--,0.0003,0.0021,<0.0001,<0.0003
高雄港沿海海域,高雄港口外三,乙,2014/7/1 上午 10:18:00,5191,1.0,30.5,31.0,32.6,8.3,--,7.2,114.7,3.2,--,--,--,--,--,--,<0.00001,--,0.0009,0.0027,<0.0001,<0.0003
高雄港沿海海域,高雄港口外三,乙,2014/5/3 上午 11:10:00,5191,1.0,34.5,28.0,34.3,8.2,--,6.8,104.0,<2.0,--,--,--,--,--,--,0.00001,--,0.0005,0.0022,<0.0001,<0.0003
高雄港沿海海域,高雄港口外三,乙,2014/1/4 上午 10:30:00,5191,1.0,24.1,23.5,34.3,8.2,--,6.6,93.7,4.6,0.6,0.05,0.04,0.021,0.006,0.229,0.00005,<0.001,0.0007,0.0085,0.0002,<0.0003
高雄港沿海海域,旗津,乙,2014/10/1 上午 10:00:00,5192,1.0,32.5,29.3,35.3,8.2,--,6.4,102.1,<2.0,--,--,--,--,--,--,<0.00001,--,0.0003,0.0023,<0.0001,<0.0003
高雄港沿海海域,旗津,乙,2014/7/1 上午 10:00:00,5192,1.0,30.6,31.0,32.7,8.3,--,7.2,115.1,2.3,--,--,--,--,--,--,0.00004,--,0.0008,0.0015,<0.0001,<0.0003
高雄港沿海海域,旗津,乙,2014/5/3 上午 10:43:00,5192,1.0,34.5,27.8,34.4,8.1,--,7.0,106.1,<2.0,--,--,--,--,--,--,<0.00001,--,0.0003,0.0024,<0.0001,<0.0003
高雄港沿海海域,旗津,乙,2014/1/4 上午 10:10:00,5192,1.0,23.5,23.4,34.4,8.3,--,6.4,91.3,3.2,0.6,0.03,0.03,0.014,0.006,0.214,0.00001,<0.001,0.0007,0.0090,0.0001,<0.0003
高屏溪口沿海海域,中芸港外,乙,2014/10/3 上午 10:35:00,5193,1.0,31.0,30.0,27.0,8.2,--,6.4,98.5,6.2,--,--,--,--,--,--,<0.00001,--,0.0003,0.0030,<0.0001,<0.0003
高屏溪口沿海海域,中芸港外,乙,2014/7/14 上午 10:54:00,5193,1.0,33.6,30.2,33.2,8.1,--,6.0,95.5,4.6,--,--,--,--,--,--,<0.00001,--,0.0007,0.0060,<0.0001,<0.0003
高屏溪口沿海海域,中芸港外,乙,2014/5/5 上午 10:35:00,5193,1.0,29.2,27.4,31.0,8.1,--,6.6,99.0,3.0,--,--,--,--,--,--,0.00002,--,0.0004,0.0027,<0.0001,<0.0003
高屏溪口沿海海域,中芸港外,乙,2014/1/11 上午 10:48:00,5193,1.0,24.1,24.2,33.5,8.2,--,7.9,112.3,5.6,5.4,0.20,0.04,0.052,0.009,0.474,0.00002,<0.001,0.0006,0.0089,0.0001,<0.0003
高屏溪口沿海海域,高屏溪東港溪之間-1,乙,2014/10/3 上午 10:00:00,5194,1.0,30.9,30.0,5.0,7.8,--,5.6,76.5,93.8,--,--,--,--,--,--,<0.00001,--,0.0007,0.0035,<0.0001,<0.0003
高屏溪口沿海海域,高屏溪東港溪之間-1,乙,2014/7/14 上午 10:30:00,5194,1.0,33.8,31.8,11.6,8.1,--,7.0,101.5,15.5,--,--,--,--,--,--,<0.00001,--,0.0007,0.0018,<0.0001,<0.0003
高屏溪口沿海海域,高屏溪東港溪之間-1,乙,2014/5/5 上午 09:50:00,5194,1.0,29.0,27.1,21.0,8.1,--,6.6,93.3,12.1,--,--,--,--,--,--,<0.00001,--,0.0005,0.0065,<0.0001,<0.0003
高屏溪口沿海海域,高屏溪東港溪之間-1,乙,2014/1/11 上午 10:22:00,5194,1.0,23.5,23.7,33.0,8.3,--,9.1,128.0,21.2,5.0,1.19,0.09,0.387,0.057,2.62,0.00002,<0.001,0.0007,0.0090,<0.0001,<0.0003
高屏溪口沿海海域,高屏溪口外4海浬,乙,2014/10/3 上午 09:15:00,5195,1.0,30.9,29.6,32.3,8.2,--,6.4,101.3,3.0,--,--,--,--,--,--,0.00002,--,0.0006,0.0046,0.0005,<0.0003
高屏溪口沿海海域,高屏溪口外4海浬,乙,2014/7/14 上午 09:45:00,5195,1.0,33.8,30.7,33.3,8.2,--,6.4,103.1,4.5,--,--,--,--,--,--,0.00001,--,0.0007,0.0044,0.0003,<0.0003
高屏溪口沿海海域,高屏溪口外4海浬,乙,2014/5/5 上午 09:00:00,5195,1.0,28.5,26.0,33.8,8.2,--,6.4,96.6,<2.0,--,--,--,--,--,--,0.00002,--,0.0002,0.0020,<0.0001,<0.0003
高屏溪口沿海海域,高屏溪口外4海浬,乙,2014/1/11 上午 09:35:00,5195,1.0,23.2,23.6,33.9,8.3,--,8.5,119.4,3.9,1.6,0.01,0.02,0.022,0.012,0.143,0.00003,<0.001,0.0008,0.0081,0.0003,<0.0003
高屏溪口沿海海域,高屏溪出海口,乙,2014/10/3 上午 10:15:00,5196,1.0,31.0,29.0,13.0,8.0,--,6.4,90.0,180,--,--,--,--,--,--,<0.00001,--,0.0003,0.0016,<0.0001,<0.0003
高屏溪口沿海海域,高屏溪出海口,乙,2014/7/14 上午 10:40:00,5196,1.0,33.9,29.9,33.4,8.1,--,6.0,95.5,5.6,--,--,--,--,--,--,<0.00001,--,0.0003,0.0028,0.0001,<0.0003
高屏溪口沿海海域,高屏溪出海口,乙,2014/5/5 上午 10:10:00,5196,1.0,29.2,27.4,22.0,8.0,--,6.1,86.6,10.7,--,--,--,--,--,--,<0.00001,--,0.0005,0.0070,<0.0001,<0.0003
高屏溪口沿海海域,高屏溪出海口,乙,2014/1/11 上午 10:30:00,5196,1.0,23.8,24.4,32.9,8.2,--,8.8,124.5,10.8,5.4,0.44,0.04,0.143,0.013,0.919,0.00002,<0.001,0.0003,0.0016,<0.0001,<0.0003
高屏溪口沿海海域,東港溪出海口,乙,2014/10/3 上午 09:40:00,5197,1.0,31.1,30.2,6.0,7.6,--,5.0,68.0,12.6,--,--,--,--,--,--,0.00001,--,0.0014,0.0043,<0.0001,<0.0003
高屏溪口沿海海域,東港溪出海口,乙,2014/7/14 上午 10:20:00,5197,1.0,33.7,31.2,26.9,7.9,--,5.4,83.8,5.3,--,--,--,--,--,--,<0.00001,--,0.0008,0.0023,<0.0001,<0.0003
高屏溪口沿海海域,東港溪出海口,乙,2014/5/5 上午 09:25:00,5197,1.0,28.6,27.0,31.0,8.1,--,6.1,92.0,5.9,--,--,--,--,--,--,0.00001,--,0.0004,0.0031,<0.0001,<0.0003
高屏溪口沿海海域,東港溪出海口,乙,2014/1/11 上午 10:10:00,5197,1.0,23.5,23.2,29.6,8.2,--,6.5,89.0,6.0,4.5,1.17,0.09,0.524,0.050,2.72,0.00002,<0.001,0.0008,0.0032,0.0001,<0.0003
大鵬灣沿海海域,大鵬灣灣內-1,乙,2014/10/3 上午 11:50:00,5198,1.0,30.1,31.0,31.0,8.4,--,8.9,143.0,11.8,--,--,--,--,--,--,0.00001,--,0.0014,0.0036,<0.0001,<0.0003
大鵬灣沿海海域,大鵬灣灣內-1,乙,2014/7/14 下午 01:10:00,5198,1.0,33.4,33.0,33.3,8.3,--,7.3,121.3,9.6,--,--,--,--,--,--,<0.00001,--,0.0006,0.0007,<0.0001,<0.0003
大鵬灣沿海海域,大鵬灣灣內-1,乙,2014/5/5 下午 12:15:00,5198,1.0,30.6,29.6,33.8,8.8,--,7.8,124.5,27.8,--,--,--,--,--,--,0.00001,--,0.0005,0.0012,<0.0001,<0.0003
大鵬灣沿海海域,大鵬灣灣內-1,乙,2014/1/11 下午 02:05:00,5198,1.0,24.0,22.8,33.0,8.4,--,8.2,114.2,8.8,7.5,<0.01,0.02,0.103,0.033,0.893,0.00002,<0.001,0.0009,0.0009,<0.0001,<0.0003
大鵬灣沿海海域,大鵬灣灣內-2,乙,2014/10/3 下午 12:10:00,5199,1.0,30.0,31.0,31.3,8.4,--,9.1,146.7,11.8,--,--,--,--,--,--,0.00001,--,0.0016,0.0020,<0.0001,<0.0003
大鵬灣沿海海域,大鵬灣灣內-2,乙,2014/7/14 下午 01:00:00,5199,1.0,33.8,33.7,32.7,8.3,--,8.0,134.2,10.4,--,--,--,--,--,--,<0.00001,--,0.0005,0.0008,<0.0001,<0.0003
大鵬灣沿海海域,大鵬灣灣內-2,乙,2014/5/5 下午 12:33:00,5199,1.0,32.2,29.0,33.7,8.6,--,8.2,127.8,28.2,--,--,--,--,--,--,0.00001,--,0.0004,0.0012,<0.0001,<0.0003
大鵬灣沿海海域,大鵬灣灣內-2,乙,2014/1/11 下午 01:46:00,5199,1.0,24.2,23.5,32.5,8.4,--,8.2,114.5,13.2,9.9,<0.01,0.01,0.190,0.008,1.05,0.00002,<0.001,0.0010,0.0042,<0.0001,<0.0003
南灣核三廠沿海海域,核三廠出水口右側,乙,2014/10/21 上午 09:45:00,5200,1.0,29.9,28.8,34.0,8.1,--,6.4,99.8,<2.0,--,--,--,--,--,--,<0.00001,--,0.0005,0.0054,<0.0001,<0.0003
南灣核三廠沿海海域,核三廠出水口右側,乙,2014/7/4 上午 09:20:00,5200,1.0,32.7,30.0,33.4,8.2,--,6.1,97.9,<2.0,--,--,--,--,--,--,<0.00001,--,0.0004,0.0045,0.0001,<0.0003
南灣核三廠沿海海域,核三廠出水口右側,乙,2014/5/15 上午 09:35:00,5200,1.0,30.6,27.2,34.5,8.2,--,6.5,99.6,<2.0,--,--,--,--,--,--,<0.00001,--,0.0001,0.0015,<0.0001,<0.0003
南灣核三廠沿海海域,核三廠出水口右側,乙,2014/1/14 上午 09:40:00,5200,1.0,23.2,24.0,34.2,8.2,--,6.6,94.4,4.1,0.3,0.01,0.02,0.021,<0.001,0.162,0.00002,<0.001,0.0009,0.0014,<0.0001,<0.0003
南灣核三廠沿海海域,核三廠出水口左側,乙,2014/10/21 上午 09:30:00,5201,1.0,28.9,29.2,33.9,8.2,--,6.5,101.4,<2.0,--,--,--,--,--,--,<0.00001,--,0.0007,0.0062,0.0001,<0.0003
南灣核三廠沿海海域,核三廠出水口左側,乙,2014/7/4 上午 09:11:00,5201,1.0,32.5,30.3,33.4,8.1,--,6.2,100.1,<2.0,--,--,--,--,--,--,<0.00001,--,0.0004,0.0033,0.0002,<0.0003
南灣核三廠沿海海域,核三廠出水口左側,乙,2014/5/15 上午 09:47:00,5201,1.0,30.6,27.7,34.5,8.2,--,6.3,96.9,<2.0,--,--,--,--,--,--,0.00001,--,0.0001,0.0013,<0.0001,<0.0003
南灣核三廠沿海海域,核三廠出水口左側,乙,2014/1/14 上午 09:53:00,5201,1.0,23.0,23.8,34.3,8.2,--,6.4,91.6,2.8,0.3,0.03,0.02,0.021,<0.001,0.172,0.00001,<0.001,0.0019,0.0010,0.0001,<0.0003
南灣核三廠沿海海域,核三廠入水口,乙,2014/10/21 上午 10:27:00,5202,1.0,30.2,27.8,34.2,8.2,--,6.4,97.5,<2.0,--,--,--,--,--,--,<0.00001,--,0.0003,0.0052,<0.0001,<0.0003
南灣核三廠沿海海域,核三廠入水口,乙,2014/7/4 上午 10:02:00,5202,1.0,32.7,30.0,33.7,8.2,--,6.1,97.7,<2.0,--,--,--,--,--,--,<0.00001,--,0.0006,0.0058,<0.0001,<0.0003
南灣核三廠沿海海域,核三廠入水口,乙,2014/5/15 上午 10:25:00,5202,1.0,30.7,26.0,34.5,8.2,--,6.5,97.2,<2.0,--,--,--,--,--,--,<0.00001,--,0.0001,0.0013,<0.0001,<0.0003
南灣核三廠沿海海域,核三廠入水口,乙,2014/1/14 上午 10:45:00,5202,1.0,22.6,23.7,34.4,8.2,--,6.4,91.6,3.0,0.3,0.01,0.01,0.017,<0.001,0.142,0.00001,<0.001,0.0019,0.0008,0.0002,<0.0003
南灣核三廠沿海海域,後壁湖漁港,乙,2014/10/21 上午 10:42:00,5203,1.0,30.3,28.1,34.2,8.1,--,6.3,97.4,<2.0,--,--,--,--,--,--,<0.00001,--,0.0002,0.0045,<0.0001,<0.0003
南灣核三廠沿海海域,後壁湖漁港,乙,2014/7/4 上午 10:19:00,5203,1.0,32.7,30.3,33.8,8.2,--,6.5,104.6,<2.0,--,--,--,--,--,--,<0.00001,--,0.0005,0.0050,<0.0001,<0.0003
南灣核三廠沿海海域,後壁湖漁港,乙,2014/5/15 上午 10:40:00,5203,1.0,30.7,26.2,34.5,8.2,--,6.1,92.6,<2.0,--,--,--,--,--,--,<0.00001,--,0.0005,0.0014,<0.0001,<0.0003
南灣核三廠沿海海域,後壁湖漁港,乙,2014/1/14 上午 11:03:00,5203,1.0,22.6,23.9,34.4,8.2,--,6.4,91.3,3.2,0.2,0.02,0.01,0.016,<0.001,0.140,0.00001,<0.001,0.0012,0.0016,0.0002,<0.0003
南灣核三廠沿海海域,南灣,乙,2014/10/21 上午 10:15:00,5204,1.0,30.3,27.7,34.2,8.2,--,6.5,98.8,<2.0,--,--,--,--,--,--,<0.00001,--,0.0003,0.0047,<0.0001,<0.0003
南灣核三廠沿海海域,南灣,乙,2014/7/4 上午 09:52:00,5204,1.0,32.3,30.4,33.6,8.2,--,6.0,97.2,<2.0,--,--,--,--,--,--,<0.00001,--,0.0004,0.0046,0.0001,<0.0003
南灣核三廠沿海海域,南灣,乙,2014/5/15 上午 10:15:00,5204,1.0,30.7,26.5,34.5,8.2,--,6.4,96.6,<2.0,--,--,--,--,--,--,<0.00001,--,0.0003,0.0024,<0.0001,<0.0003
南灣核三廠沿海海域,南灣,乙,2014/1/14 上午 10:30:00,5204,1.0,22.7,23.9,34.4,8.2,--,6.4,91.5,2.6,0.3,<0.01,0.01,0.021,0.002,0.204,0.00001,<0.001,0.0020,0.0013,0.0002,<0.0003
南灣核三廠沿海海域,石牛溪口,乙,2014/10/21 上午 10:03:00,5205,1.0,30.0,27.6,34.1,8.1,--,6.4,97.2,<2.0,--,--,--,--,--,--,<0.00001,--,0.0009,0.0059,<0.0001,<0.0003
南灣核三廠沿海海域,石牛溪口,乙,2014/7/4 上午 09:41:00,5205,1.0,32.5,30.6,33.6,8.2,--,6.1,98.8,<2.0,--,--,--,--,--,--,<0.00001,--,0.0007,0.0060,<0.0001,<0.0003
南灣核三廠沿海海域,石牛溪口,乙,2014/5/15 上午 10:02:00,5205,1.0,30.6,27.0,34.5,8.2,--,6.4,97.3,<2.0,--,--,--,--,--,--,<0.00001,--,0.0004,0.0013,<0.0001,<0.0003
南灣核三廠沿海海域,石牛溪口,乙,2014/1/14 上午 10:10:00,5205,1.0,22.7,24.1,34.4,8.2,--,6.4,92.3,3.0,0.3,<0.01,0.01,0.023,0.002,0.180,0.00001,<0.001,0.0033,0.0019,0.0003,<0.0003
台東沿海海域,卑南溪河口,甲,2014/10/20 下午 01:05:00,5206,1.0,31.8,27.7,33.9,8.1,--,6.5,98.4,15.6,--,--,--,--,--,--,0.00002,--,0.0009,0.0103,0.0002,<0.0003
台東沿海海域,卑南溪河口,甲,2014/7/10 上午 09:35:00,5206,1.0,32.1,28.6,34.2,8.2,--,6.5,101.2,8.2,--,--,--,--,--,--,0.00001,--,0.0006,0.0057,<0.0001,<0.0003
台東沿海海域,卑南溪河口,甲,2014/5/9 上午 10:00:00,5206,1.0,25.5,25.9,34.4,8.2,--,6.6,97.0,2.3,--,--,--,--,--,--,<0.00001,--,0.0002,0.0017,<0.0001,<0.0003
台東沿海海域,卑南溪河口,甲,2014/1/8 上午 09:33:00,5206,1.0,24.5,24.4,33.4,8.2,--,6.8,97.2,7.9,0.4,<0.01,0.03,0.019,0.004,0.531,0.00001,<0.001,0.0007,0.0039,0.0001,<0.0003
台東沿海海域,知本溪口,甲,2014/10/20 下午 01:52:00,5207,1.0,32.2,28.2,32.9,8.1,--,6.6,100.6,51.6,--,--,--,--,--,--,<0.00001,--,0.0005,0.0063,<0.0001,<0.0003
台東沿海海域,知本溪口,甲,2014/7/10 上午 10:33:00,5207,1.0,32.3,28.7,34.5,8.2,--,6.3,99.4,3.1,--,--,--,--,--,--,0.00002,--,0.0009,0.0093,0.0001,<0.0003
台東沿海海域,知本溪口,甲,2014/5/9 上午 10:52:00,5207,1.0,25.6,26.2,34.3,8.2,--,6.6,99.3,2.0,--,--,--,--,--,--,<0.00001,--,0.0002,0.0020,<0.0001,<0.0003
台東沿海海域,知本溪口,甲,2014/1/8 上午 10:28:00,5207,1.0,24.6,24.7,34.5,8.2,--,6.6,95.8,3.0,0.5,<0.01,0.02,0.012,<0.001,0.226,<0.00001,<0.001,0.0003,0.0016,<0.0001,<0.0003
台東沿海海域,富岡港外,甲,2014/10/20 下午 03:20:00,5208,1.0,32.3,27.7,34.0,8.2,--,6.5,99.0,4.6,--,--,--,--,--,--,<0.00001,--,0.0007,0.0061,0.0002,<0.0003
台東沿海海域,富岡港外,甲,2014/7/10 下午 12:04:00,5208,1.0,32.4,29.6,34.2,8.2,--,6.5,103.1,6.4,--,--,--,--,--,--,<0.00001,--,0.0006,0.0036,<0.0001,<0.0003
台東沿海海域,富岡港外,甲,2014/5/9 下午 12:14:00,5208,1.0,25.5,25.9,33.6,8.2,--,6.6,98.0,5.8,--,--,--,--,--,--,<0.00001,--,0.0005,0.0022,<0.0001,<0.0003
台東沿海海域,富岡港外,甲,2014/1/8 下午 12:10:00,5208,1.0,25.3,24.8,34.5,8.2,--,6.7,97.3,3.0,0.2,<0.01,0.02,0.015,0.002,0.261,0.00001,<0.001,0.0012,0.0042,0.0004,<0.0003
台東沿海海域,成功港外海,甲,2014/10/14 下午 03:03:00,5209,1.0,25.6,25.0,34.6,8.2,--,6.4,94.8,2.0,--,--,--,--,--,--,0.00001,--,0.0013,0.0087,0.0002,<0.0003
台東沿海海域,成功港外海,甲,2014/7/8 下午 03:15:00,5209,1.0,34.5,31.1,33.7,8.2,--,6.4,105.4,3.9,--,--,--,--,--,--,<0.00001,--,0.0012,0.0063,0.0001,<0.0003
台東沿海海域,成功港外海,甲,2014/5/8 上午 11:36:00,5209,1.0,28.8,27.5,34.6,8.2,--,6.8,103.3,<2.0,--,--,--,--,--,--,<0.00001,--,0.0003,0.0046,<0.0001,<0.0003
台東沿海海域,成功港外海,甲,2014/1/11 上午 09:53:00,5209,1.0,27.7,23.9,34.5,8.2,--,6.8,95.9,2.2,0.3,0.01,0.01,0.006,0.001,0.183,0.00002,<0.001,0.0020,0.0052,0.0002,<0.0003
台東沿海海域,蘭嶼,甲,2014/10/21 上午 11:15:00,5210,1.0,28.8,28.1,35.1,8.2,--,6.2,94.8,<2.0,--,--,--,--,--,--,<0.00001,--,0.0003,0.0056,<0.0001,<0.0003
台東沿海海域,蘭嶼,甲,2014/7/30 上午 10:00:00,5210,1.0,32.7,29.4,34.7,8.2,--,6.2,99.3,<2.0,--,--,--,--,--,--,<0.00001,--,0.0004,0.0030,<0.0001,<0.0003
台東沿海海域,蘭嶼,甲,2014/5/8 上午 07:50:00,5210,1.0,28.9,26.6,35.0,8.2,--,6.6,99.1,<2.0,--,--,--,--,--,--,<0.00001,--,<0.0001,0.0009,<0.0001,<0.0003
台東沿海海域,蘭嶼,甲,2014/1/10 上午 10:55:00,5210,1.0,23.2,23.2,34.6,8.2,--,6.6,93.6,2.4,0.2,<0.01,<0.01,0.006,0.016,0.121,<0.00001,<0.001,0.0001,0.0008,<0.0001,<0.0003
台東沿海海域,綠島,甲,2014/10/14 上午 09:04:00,5211,1.0,28.8,26.5,35.6,8.2,--,6.4,96.6,<2.0,--,--,--,--,--,--,<0.00001,--,0.0007,0.0072,<0.0001,<0.0003
台東沿海海域,綠島,甲,2014/7/9 上午 10:50:00,5211,1.0,34.7,30.6,34.8,8.2,--,5.9,96.6,4.4,--,--,--,--,--,--,<0.00001,--,0.0034,0.0054,0.0001,<0.0003
台東沿海海域,綠島,甲,2014/5/7 上午 08:48:00,5211,1.0,26.6,26.1,34.5,8.1,--,6.4,96.0,<2.0,--,--,--,--,--,--,0.00002,--,0.0004,0.0103,<0.0001,<0.0003
台東沿海海域,綠島,甲,2014/1/9 上午 09:20:00,5211,1.0,20.5,23.7,34.6,8.2,--,6.4,90.8,3.1,<0.1,<0.01,0.01,0.012,0.002,0.153,0.00002,<0.001,0.0004,0.0019,<0.0001,<0.0003
台東沿海海域,卑南溪口外4海浬,甲,2014/10/20 下午 02:52:00,5212,1.0,32.1,27.4,35.0,8.2,--,6.5,98.7,<2.0,--,--,--,--,--,--,<0.00001,--,0.0004,0.0048,0.0001,<0.0003
台東沿海海域,卑南溪口外4海浬,甲,2014/7/10 上午 11:42:00,5212,1.0,32.4,29.1,34.5,8.2,--,6.4,101.0,3.3,--,--,--,--,--,--,<0.00001,--,0.0003,0.0025,<0.0001,<0.0003
台東沿海海域,卑南溪口外4海浬,甲,2014/5/9 上午 11:45:00,5212,1.0,25.6,26.3,34.4,8.2,--,6.6,99.7,<2.0,--,--,--,--,--,--,<0.00001,--,0.0002,0.0017,<0.0001,<0.0003
台東沿海海域,卑南溪口外4海浬,甲,2014/1/8 上午 11:28:00,5212,1.0,25.2,25.7,34.7,8.2,--,6.7,99.0,<2.0,0.2,<0.01,0.01,0.013,<0.001,0.184,<0.00001,<0.001,0.0007,0.0266,0.0001,<0.0003
澎湖沿海海域,烏崁海域,甲,2014/10/20 上午 11:30:00,5213,1.0,30.9,27.0,33.2,8.1,--,6.4,96.1,<2.0,--,--,--,--,--,--,0.00002,--,0.0009,0.0046,<0.0001,<0.0003
澎湖沿海海域,烏崁海域,甲,2014/7/2 上午 10:15:00,5213,1.0,33.5,29.0,33.9,8.2,--,6.3,98.3,<2.0,--,--,--,--,--,--,<0.00001,--,0.0004,0.0057,0.0006,<0.0003
澎湖沿海海域,烏崁海域,甲,2014/5/6 上午 10:20:00,5213,1.0,22.6,22.5,34.5,8.2,--,6.8,96.2,2.0,--,--,--,--,--,--,<0.00001,--,0.0005,0.0024,0.0013,<0.0003
澎湖沿海海域,烏崁海域,甲,2014/1/7 上午 10:25:00,5213,1.0,22.4,21.3,34.3,8.2,--,6.9,94.0,4.0,0.9,0.01,0.03,0.020,0.003,0.220,0.00001,<0.001,0.0003,0.0012,0.0007,<0.0003
澎湖沿海海域,紗帽山海域,甲,2014/10/20 下午 12:05:00,5214,1.0,31.0,26.8,33.4,8.1,--,6.4,96.9,<2.0,--,--,--,--,--,--,0.00001,--,0.0010,0.0053,0.0001,<0.0003
澎湖沿海海域,紗帽山海域,甲,2014/7/2 上午 10:54:00,5214,1.0,33.6,28.6,33.8,8.2,--,6.4,99.1,<2.0,--,--,--,--,--,--,<0.00001,--,0.0003,0.0055,0.0005,<0.0003
澎湖沿海海域,紗帽山海域,甲,2014/5/6 上午 10:50:00,5214,1.0,22.6,23.1,34.5,8.2,--,6.9,97.6,<2.0,--,--,--,--,--,--,<0.00001,--,0.0002,0.0009,0.0008,<0.0003
澎湖沿海海域,紗帽山海域,甲,2014/1/7 上午 10:55:00,5214,1.0,23.7,21.4,34.4,8.2,--,6.8,92.9,2.0,0.3,<0.01,0.04,0.018,0.004,0.287,0.00002,<0.001,0.0009,0.0023,0.0012,<0.0003
澎湖沿海海域,龍門海域,甲,2014/10/20 上午 10:50:00,5215,1.0,30.8,26.4,33.1,8.1,--,6.5,96.4,<2.0,--,--,--,--,--,--,0.00002,--,0.0019,0.0070,0.0001,<0.0003
澎湖沿海海域,龍門海域,甲,2014/7/2 上午 09:43:00,5215,1.0,33.4,29.4,33.8,8.1,--,6.3,98.2,<2.0,--,--,--,--,--,--,<0.00001,--,0.0002,0.0045,0.0002,<0.0003
澎湖沿海海域,龍門海域,甲,2014/5/6 上午 09:50:00,5215,1.0,22.7,22.8,34.3,8.2,--,6.9,96.6,<2.0,--,--,--,--,--,--,0.00001,--,0.0008,0.0019,0.0003,<0.0003
澎湖沿海海域,龍門海域,甲,2014/1/7 上午 10:00:00,5215,1.0,22.4,21.3,34.5,8.2,--,6.9,94.5,<2.0,0.2,<0.01,0.04,0.019,0.004,0.259,0.00002,<0.001,0.0002,0.0018,0.0005,<0.0003
澎湖沿海海域,吉貝海域,甲,2014/10/6 上午 09:38:00,5216,1.0,28.6,26.1,34.3,8.1,--,6.6,97.5,6.0,--,--,--,--,--,--,0.00005,--,0.0005,0.0054,0.0001,<0.0003
澎湖沿海海域,吉貝海域,甲,2014/7/2 下午 01:53:00,5216,1.0,32.8,30.0,34.0,8.3,--,6.5,102.9,<2.0,--,--,--,--,--,--,0.00002,--,0.0010,0.0062,0.0001,<0.0003
澎湖沿海海域,吉貝海域,甲,2014/5/6 下午 01:50:00,5216,1.0,19.6,21.6,34.7,8.2,--,6.9,94.8,<2.0,--,--,--,--,--,--,0.00001,--,0.0022,0.0021,<0.0001,<0.0003
澎湖沿海海域,吉貝海域,甲,2014/1/7 上午 11:00:00,5216,1.0,22.6,21.4,34.1,8.3,--,7.9,108.0,2.2,0.1,0.02,0.01,0.026,0.002,0.210,0.00001,<0.001,0.0008,0.0028,0.0001,<0.0003
澎湖沿海海域,七美海域,甲,2014/10/7 下午 12:34:00,5217,1.0,33.2,27.2,34.4,8.2,--,6.5,98.3,<2.0,--,--,--,--,--,--,0.00003,--,0.0003,0.0044,<0.0001,<0.0003
澎湖沿海海域,七美海域,甲,2014/7/3 上午 10:00:00,5217,1.0,33.6,27.3,33.8,8.1,--,6.7,101.7,<2.0,--,--,--,--,--,--,<0.00001,--,0.0002,0.0223,0.0003,<0.0003
澎湖沿海海域,七美海域,甲,2014/5/7 下午 01:58:00,5217,1.0,20.2,24.3,34.6,8.2,--,6.5,94.0,<2.0,--,--,--,--,--,--,<0.00001,--,0.0002,0.0008,<0.0001,<0.0003
澎湖沿海海域,七美海域,甲,2014/1/8 下午 12:30:00,5217,1.0,24.2,23.2,34.1,8.3,--,6.7,94.9,2.4,0.4,<0.01,0.03,0.009,0.006,0.301,0.00001,<0.001,0.0004,0.0062,0.0002,<0.0003
澎湖沿海海域,望安海域,甲,2014/10/7 上午 10:30:00,5218,1.0,31.2,26.6,33.7,8.1,--,6.7,101.0,<2.0,--,--,--,--,--,--,0.00001,--,0.0003,0.0014,<0.0001,<0.0003
澎湖沿海海域,望安海域,甲,2014/7/3 下午 12:00:00,5218,1.0,34.6,29.0,33.6,8.2,--,6.4,101.4,<2.0,--,--,--,--,--,--,<0.00001,--,0.0002,0.0098,<0.0001,<0.0003
澎湖沿海海域,望安海域,甲,2014/5/7 上午 10:30:00,5218,1.0,23.6,24.3,34.3,8.2,--,6.6,96.4,<2.0,--,--,--,--,--,--,<0.00001,--,0.0004,0.0011,<0.0001,<0.0003
澎湖沿海海域,望安海域,甲,2014/1/8 上午 10:45:00,5218,1.0,25.0,21.5,34.3,8.2,--,6.8,95.0,3.4,0.4,<0.01,0.06,0.024,0.005,0.470,0.00002,<0.001,0.0002,0.0012,0.0001,<0.0003
澎湖沿海海域,外垵4海浬外,甲,2014/10/20 下午 12:55:00,5219,1.0,31.0,27.0,33.3,8.1,--,6.5,97.2,<2.0,--,--,--,--,--,--,0.00001,--,0.0009,0.0038,<0.0001,<0.0003
澎湖沿海海域,外垵4海浬外,甲,2014/7/2 上午 11:35:00,5219,1.0,33.6,28.4,33.8,8.2,--,6.4,99.0,<2.0,--,--,--,--,--,--,<0.00001,--,0.0005,0.0056,0.0003,<0.0003
澎湖沿海海域,外垵4海浬外,甲,2014/5/6 上午 11:46:00,5219,1.0,22.5,22.8,34.6,8.2,--,6.8,97.0,<2.0,--,--,--,--,--,--,<0.00001,--,0.0002,0.0014,0.0007,<0.0003
澎湖沿海海域,外垵4海浬外,甲,2014/1/7 上午 11:50:00,5219,1.0,23.9,21.4,34.3,8.2,--,6.8,94.6,3.4,<0.1,0.02,0.05,0.025,0.004,0.295,0.00002,<0.001,0.0004,0.0012,0.0006,<0.0003
基隆沿海海域,員山子分洪道出海口,乙,2014/11/5 上午 09:00:00,5929,1.0,22.0,21.9,34.0,8.0,--,6.5,89.3,3.4,--,--,--,--,--,--,0.00002,--,0.0006,0.0060,0.0002,<0.0003
基隆沿海海域,員山子分洪道出海口,乙,2014/8/18 上午 08:16:00,5929,1.0,30.2,28.0,34.0,8.0,--,6.0,92.7,2.2,--,--,--,--,--,--,0.00005,--,0.0105,0.0071,<0.0001,<0.0003
基隆沿海海域,員山子分洪道出海口,乙,2014/5/19 上午 08:01:00,5929,1.0,26.0,24.4,35.1,8.2,--,6.7,98.5,2.4,--,--,--,--,--,--,0.00001,--,0.0002,0.0024,<0.0001,<0.0003
基隆沿海海域,員山子分洪道出海口,乙,2014/2/6 上午 08:35:00,5929,1.0,18.6,17.0,33.3,8.0,--,7.4,92.7,5.9,0.3,0.01,0.13,0.056,0.005,0.630,0.00003,<0.001,0.0004,0.0054,0.0001,<0.0003
金門沿海海域,金門后江灣外,乙,2014/10/20 上午 08:56:00,5930,1.0,25.6,24.8,29.5,8.0,--,6.9,97.2,8.0,--,--,--,--,--,--,0.00002,--,0.0009,0.0024,0.0001,<0.0003
金門沿海海域,金門后江灣外,乙,2014/8/4 上午 09:06:00,5930,1.0,32.6,31.9,33.8,8.0,--,4.7,74.9,13.1,--,--,--,--,--,--,0.00004,--,0.0006,0.0038,0.0002,<0.0003
金門沿海海域,金門后江灣外,乙,2014/5/5 上午 09:01:00,5930,1.0,19.9,20.6,33.0,8.1,--,7.4,98.1,13.5,--,--,--,--,--,--,0.00003,--,0.0003,0.0039,0.0001,<0.0003
金門沿海海域,金門后江灣外,乙,2014/2/18 上午 09:06:00,5930,1.0,14.6,13.0,32.2,8.1,--,8.0,92.4,45.3,<0.1,<0.01,0.33,0.119,0.007,1.48,0.00003,<0.001,0.0004,0.0047,<0.0001,<0.0003
金門沿海海域,金烈水道南側,乙,2014/10/20 上午 09:43:00,5931,1.0,27.0,25.1,29.7,8.0,--,6.8,95.6,2.5,--,--,--,--,--,--,0.00002,--,0.0005,0.0024,0.0001,<0.0003
金門沿海海域,金烈水道南側,乙,2014/8/4 上午 09:54:00,5931,1.0,34.9,31.2,32.9,8.0,--,5.0,78.8,13.3,--,--,--,--,--,--,0.00002,--,0.0005,0.0041,0.0002,<0.0003
金門沿海海域,金烈水道南側,乙,2014/5/5 上午 09:54:00,5931,1.0,19.7,20.6,32.7,8.1,--,7.3,97.8,12.4,--,--,--,--,--,--,0.00016,--,0.0004,0.0023,0.0002,<0.0003
金門沿海海域,金烈水道南側,乙,2014/2/18 上午 09:48:00,5931,1.0,14.5,13.4,31.2,8.0,--,7.9,91.4,21.4,0.3,0.02,0.45,0.122,0.016,1.68,0.00004,<0.001,0.0106,0.0080,<0.0001,<0.0003
金門沿海海域,金門本島東側沿海,乙,2014/10/20 上午 10:31:00,5932,1.0,26.9,25.3,29.3,8.2,--,6.8,95.9,4.3,--,--,--,--,--,--,0.00002,--,0.0005,0.0017,<0.0001,<0.0003
金門沿海海域,金門本島東側沿海,乙,2014/8/4 上午 10:34:00,5932,1.0,35.4,31.1,33.7,8.1,--,5.1,81.1,23.5,--,--,--,--,--,--,0.00014,--,0.0003,0.0015,0.0004,<0.0003
金門沿海海域,金門本島東側沿海,乙,2014/5/5 上午 10:37:00,5932,1.0,19.7,20.5,32.5,8.1,--,7.3,97.7,17.2,--,--,--,--,--,--,0.00002,--,0.0003,0.0035,<0.0001,<0.0003
金門沿海海域,金門本島東側沿海,乙,2014/2/18 上午 10:41:00,5932,1.0,14.5,13.2,31.5,8.1,--,8.0,92.3,46.2,0.2,0.11,0.39,0.112,0.013,1.80,0.00002,<0.001,0.0003,0.0031,0.0001,<0.0003
馬祖沿海海域,南竿鄉北部沿海,乙,2014/11/13 下午 02:30:00,5933,1.0,17.6,20.4,27.0,8.1,--,7.1,88.3,13.5,--,--,--,--,--,--,0.00003,--,0.0007,0.0049,<0.0001,<0.0003
馬祖沿海海域,南竿鄉北部沿海,乙,2014/8/12 下午 02:24:00,5933,1.0,35.1,30.4,33.0,8.0,--,5.6,88.1,14.5,--,--,--,--,--,--,0.00002,--,0.0005,0.0057,0.0001,<0.0003
馬祖沿海海域,南竿鄉北部沿海,乙,2014/5/14 下午 01:50:00,5933,1.0,26.0,19.4,30.4,8.1,--,7.8,101.2,4.6,--,--,--,--,--,--,0.00002,--,0.0008,0.0080,<0.0001,<0.0003
馬祖沿海海域,南竿鄉北部沿海,乙,2014/2/14 下午 02:20:00,5933,1.0,14.8,10.6,29.8,8.1,--,9.1,97.8,80.3,<0.1,0.01,0.48,0.107,0.002,2.39,0.00003,<0.001,0.0004,0.0013,<0.0001,<0.0003
馬祖沿海海域,馬祖海峽,乙,2014/11/13 下午 02:50:00,5934,1.0,17.5,20.1,27.0,8.2,--,7.1,90.1,9.0,--,--,--,--,--,--,0.00003,--,0.0004,0.0019,<0.0001,<0.0003
馬祖沿海海域,馬祖海峽,乙,2014/8/12 下午 01:57:00,5934,1.0,35.2,30.4,33.1,8.0,--,5.6,88.4,14.3,--,--,--,--,--,--,0.00001,--,0.0004,0.0077,<0.0001,<0.0003
馬祖沿海海域,馬祖海峽,乙,2014/5/14 下午 01:26:00,5934,1.0,26.0,19.3,30.4,8.1,--,7.9,102.1,3.0,--,--,--,--,--,--,0.00002,--,0.0007,0.0128,0.0001,<0.0003
馬祖沿海海域,馬祖海峽,乙,2014/2/14 下午 01:50:00,5934,1.0,14.7,10.7,29.8,8.1,--,9.1,97.7,72.7,<0.1,0.01,0.48,0.110,0.002,2.00,0.00002,<0.001,0.0002,0.0012,<0.0001,<0.0003
馬祖沿海海域,北竿東部沿海,乙,2014/11/13 下午 03:10:00,5935,1.0,17.5,20.0,27.0,8.2,--,7.0,90.3,13.7,--,--,--,--,--,--,0.00002,--,0.0005,0.0022,<0.0001,<0.0003
馬祖沿海海域,北竿東部沿海,乙,2014/8/12 下午 01:37:00,5935,1.0,35.2,30.1,33.2,8.0,--,5.7,89.2,11.7,--,--,--,--,--,--,0.00002,--,0.0004,0.0190,0.0002,<0.0003
馬祖沿海海域,北竿東部沿海,乙,2014/5/14 下午 12:50:00,5935,1.0,26.2,19.4,30.8,8.1,--,7.9,102.8,12.3,--,--,--,--,--,--,0.00003,--,0.0009,0.0151,0.0002,<0.0003
馬祖沿海海域,北竿東部沿海,乙,2014/2/14 下午 01:20:00,5935,1.0,14.8,10.9,29.3,8.0,--,9.0,97.4,54.8,0.2,0.01,0.47,0.109,0.002,1.80,0.00002,<0.001,0.0004,0.0017,<0.0001,<0.0003
東引沿海海域,東引北部沿海,甲,2014/11/12 上午 07:20:00,5936,1.0,18.4,21.6,29.5,8.1,--,6.9,92.4,6.6,--,--,--,--,--,--,0.00004,--,0.0005,0.0023,<0.0001,<0.0003
東引沿海海域,東引北部沿海,甲,2014/8/11 上午 09:30:00,5936,1.0,33.4,31.5,33.1,8.1,--,6.2,98.9,7.8,--,--,--,--,--,--,0.00002,--,0.0006,0.0048,<0.0001,<0.0003
東引沿海海域,東引北部沿海,甲,2014/5/12 下午 01:20:00,5936,1.0,18.6,18.8,31.1,8.2,--,7.6,97.1,2.6,--,--,--,--,--,--,0.00004,--,0.0013,0.0089,0.0001,<0.0003
東引沿海海域,東引北部沿海,甲,2014/2/24 下午 01:10:00,5936,1.0,12.1,10.8,31.4,7.8,--,8.5,93.6,6.4,0.5,<0.01,0.32,0.084,0.002,1.46,0.00002,<0.001,0.0004,0.0011,<0.0001,<0.0003
